2025-04-05T08:48:27.252Z [info] main:  _          _       _____           _ _    _ _   
2025-04-05T08:48:27.253Z [info] main: | |    ___ | |     |_   _|__   ___ | | | _(_) |_ 
2025-04-05T08:48:27.254Z [info] main: | |   / _ \| |       | |/ _ \ / _ \| | |/ / | __|
2025-04-05T08:48:27.254Z [info] main: | |__| (_) | |___    | | (_) | (_) | |   <| | |_ 
2025-04-05T08:48:27.254Z [info] main: |_____\___/|_____|   |_|\___/ \___/|_|_|\_\_|\__|
2025-04-05T08:48:27.254Z [info] main: 
2025-04-05T08:48:27.639Z [info] lpte-svc: Initialized event bus.
2025-04-05T08:48:27.640Z [info] module-svc: Initializing module service.
2025-04-05T08:48:27.938Z [info] module-svc: Initialized 16 module(s). Now loading plugins.
2025-04-05T08:48:31.816Z [info] main: LoL Toolkit started up successfully.
2025-04-05T08:48:27.938Z [info] module-svc: Loaded 16 plugin(s).
2025-04-05T08:48:31.817Z [info] module-svc: Plugin status changed: plugin=plugin-prod-clock, old=UNAVAILABLE, new=RUNNING
2025-04-05T08:48:31.817Z [info] module-svc: Plugin status changed: plugin=plugin-database, old=UNAVAILABLE, new=RUNNING
2025-04-05T08:48:31.817Z [info] module-svc: Plugin status changed: plugin=plugin-config, old=UNAVAILABLE, new=RUNNING
2025-04-05T08:48:31.818Z [info] module-svc: Plugin status changed: plugin=module-league-runes, old=UNAVAILABLE, new=RUNNING
2025-04-05T08:48:31.818Z [info] module-svc: Plugin status changed: plugin=module-league-prm, old=UNAVAILABLE, new=RUNNING
2025-04-05T08:48:31.818Z [info] module-svc: Plugin status changed: plugin=module-league-fearless, old=UNAVAILABLE, new=RUNNING
2025-04-05T08:48:31.818Z [info] module-svc: Plugin status changed: plugin=module-league-end-of-game, old=UNAVAILABLE, new=RUNNING
2025-04-05T08:48:31.818Z [info] module-svc: Plugin status changed: plugin=module-league-champselect-ui, old=UNAVAILABLE, new=RUNNING
2025-04-05T08:48:31.819Z [info] module-svc: Plugin status changed: plugin=module-league-caster-cockpit, old=UNAVAILABLE, new=RUNNING
2025-04-05T08:48:31.823Z [info] module-svc: Plugin status changed: plugin=module-caster, old=UNAVAILABLE, new=RUNNING
2025-04-05T08:48:31.828Z [info] module-svc: Plugin status changed: plugin=plugin-theming, old=UNAVAILABLE, new=RUNNING
2025-04-05T08:48:31.829Z [info] module-svc: Plugin status changed: plugin=plugin-webapi, old=UNAVAILABLE, new=RUNNING
2025-04-05T08:48:31.829Z [info] module-svc: Plugin status changed: plugin=module-league-state, old=UNAVAILABLE, new=RUNNING
2025-04-05T08:48:31.829Z [info] module-svc: Plugin status changed: plugin=module-league-in-game, old=UNAVAILABLE, new=RUNNING
2025-04-05T08:48:31.834Z [info] module-svc: Plugin status changed: plugin=module-teams, old=UNAVAILABLE, new=RUNNING
2025-04-05T08:48:31.868Z [info] module-league-static: Start downloading additional files...
2025-04-05T08:48:32.109Z [info] module-league-static: Finished downloading additional files
2025-04-05T08:48:32.110Z [info] module-league-static: start downloading dragontail.tgz
2025-04-05T08:49:23.006Z [info] module-league-static: 
 finish downloading dragontail.tgz
2025-04-05T08:49:23.008Z [info] module-league-static: Unpacking dragontail.tgz...
2025-04-05T08:52:29.633Z [info] module-league-static: Finished unpacking dragontail.tgz
2025-04-05T08:52:29.816Z [info] module-league-static: Moving files to frontend...
2025-04-05T08:52:34.530Z [info] module-league-static: Deleting versioned folder...
2025-04-05T08:52:34.530Z [info] module-league-static: Finished moving files to frontend
2025-04-05T08:52:35.293Z [info] module-league-static: Finished deleting versioned folder
2025-04-05T08:52:35.294Z [info] module-svc: Plugin status changed: plugin=module-league-static, old=UNAVAILABLE, new=RUNNING
2025-04-05T08:52:35.297Z [info] plugin-config: config for module-league-static saved!
2025-04-05T08:52:35.299Z [info] auth: =========================
2025-04-05T08:52:35.299Z [info] auth: Authentication is enabled
2025-04-05T08:52:35.299Z [info] auth: Admin API key: RCVPT-E34PM5D-YFE4BGM-M3AQX5H-9HB69WM
2025-04-05T08:52:35.299Z [info] auth: =========================
2025-04-05T08:52:35.311Z [info] server: Listening for requests on http://localhost:3003
2025-04-05T08:55:38.173Z [info] module-league-state: Flow: lobby - active
2025-04-05T08:55:49.265Z [info] module-league-state: Flow: champselect - active
2025-04-05T08:56:31.219Z [info] module-league-state: Flow: lobby - inactive
2025-04-05T08:56:31.220Z [info] module-league-state: Flow: champselect - inactive
2025-04-05T09:01:49.261Z [info] module-league-state: Flow: lobby - active
2025-04-05T09:02:09.614Z [info] module-league-state: Flow: champselect - active
2025-04-05T09:03:55.601Z [info] module-league-state: Flow: champselect - game started (spectator delay)
2025-04-05T09:03:55.606Z [warn] lpte-svc: Request was sent, but no handler was executed. This will result in a timeout. Meta={"channelType":"REQUEST","namespace":"module-league-static","type":"request-constants","version":1,"sender":{"name":"module-league-state","version":"4.13.1","mode":"PLUGIN","path":"D:\\bouil\\Documents\\0.Dossiers\\Stream\\GAFE2025\\ProdToolKit\\modules\\module-league-state"},"reply":"request-constants-5prh5chzsm93zlf4l"}
2025-04-05T09:04:00.606Z [warn] lpte-svc: Awaiting event timed out. namespace=reply, type=request-constants-5prh5chzsm93zlf4l, timeout=5000
2025-04-05T09:04:00.607Z [info] module-league-state: Failed to load statics
2025-04-05T09:04:00.607Z [error] lpte-svc: Request timed out after 5000ms. Request meta={"channelType":"REQUEST","namespace":"module-league-static","type":"request-constants","version":1,"sender":{"name":"module-league-state","version":"4.13.1","mode":"PLUGIN","path":"D:\\bouil\\Documents\\0.Dossiers\\Stream\\GAFE2025\\ProdToolKit\\modules\\module-league-state"},"reply":"request-constants-5prh5chzsm93zlf4l"}
2025-04-05T09:04:12.773Z [warn] lpte-svc: Request was sent, but no handler was executed. This will result in a timeout. Meta={"namespace":"module-league-in-game","type":"request","version":1,"reply":"request-415eefba","channelType":"REQUEST"}
2025-04-05T09:04:17.771Z [warn] lpte-svc: Awaiting event timed out. namespace=reply, type=request-415eefba, timeout=5000
2025-04-05T09:04:17.772Z [error] lpte-svc: Request timed out after 5000ms. Request meta={"namespace":"module-league-in-game","type":"request","version":1,"reply":"request-415eefba","channelType":"REQUEST"}
2025-04-05T09:04:28.154Z [warn] lpte-svc: Request was sent, but no handler was executed. This will result in a timeout. Meta={"namespace":"module-league-in-game","type":"request","version":1,"reply":"request-bfbd89ab","channelType":"REQUEST"}
2025-04-05T09:04:33.154Z [warn] lpte-svc: Awaiting event timed out. namespace=reply, type=request-bfbd89ab, timeout=5000
2025-04-05T09:04:33.155Z [error] lpte-svc: Request timed out after 5000ms. Request meta={"namespace":"module-league-in-game","type":"request","version":1,"reply":"request-bfbd89ab","channelType":"REQUEST"}
2025-04-05T09:06:27.245Z [info] module-league-state: Flow: lobby - inactive
2025-04-05T09:07:10.919Z [warn] lpte-svc: Request was sent, but no handler was executed. This will result in a timeout. Meta={"namespace":"module-league-in-game","type":"request","version":1,"reply":"request-36e83476","channelType":"REQUEST"}
2025-04-05T09:07:15.917Z [warn] lpte-svc: Awaiting event timed out. namespace=reply, type=request-36e83476, timeout=5000
2025-04-05T09:07:15.917Z [error] lpte-svc: Request timed out after 5000ms. Request meta={"namespace":"module-league-in-game","type":"request","version":1,"reply":"request-36e83476","channelType":"REQUEST"}
2025-04-05T09:07:36.554Z [warn] lpte-svc: Request was sent, but no handler was executed. This will result in a timeout. Meta={"namespace":"module-league-in-game","type":"request","version":1,"reply":"request-cdd23f59","channelType":"REQUEST"}
2025-04-05T09:07:41.552Z [warn] lpte-svc: Awaiting event timed out. namespace=reply, type=request-cdd23f59, timeout=5000
2025-04-05T09:07:41.552Z [error] lpte-svc: Request timed out after 5000ms. Request meta={"namespace":"module-league-in-game","type":"request","version":1,"reply":"request-cdd23f59","channelType":"REQUEST"}
2025-04-05T09:07:51.888Z [info] module-league-state: Flow: champselect - inactive
2025-04-05T09:08:13.076Z [warn] lpte-svc: Request was sent, but no handler was executed. This will result in a timeout. Meta={"namespace":"module-league-in-game","type":"request","version":1,"reply":"request-63b6b768","channelType":"REQUEST"}
2025-04-05T09:08:18.075Z [warn] lpte-svc: Awaiting event timed out. namespace=reply, type=request-63b6b768, timeout=5000
2025-04-05T09:08:18.076Z [error] lpte-svc: Request timed out after 5000ms. Request meta={"namespace":"module-league-in-game","type":"request","version":1,"reply":"request-63b6b768","channelType":"REQUEST"}
2025-04-05T09:08:59.123Z [warn] lpte-svc: Request was sent, but no handler was executed. This will result in a timeout. Meta={"channelType":"REQUEST","namespace":"module-league-static","type":"request-constants","version":1,"sender":{"name":"module-league-state","version":"4.13.1","mode":"PLUGIN","path":"D:\\bouil\\Documents\\0.Dossiers\\Stream\\GAFE2025\\ProdToolKit\\modules\\module-league-state"},"reply":"request-constants-5prh5chzsm93zrxbm"}
2025-04-05T09:09:04.122Z [warn] lpte-svc: Awaiting event timed out. namespace=reply, type=request-constants-5prh5chzsm93zrxbm, timeout=5000
2025-04-05T09:09:04.123Z [info] module-league-state: Failed to load statics
2025-04-05T09:09:04.123Z [error] lpte-svc: Request timed out after 5000ms. Request meta={"channelType":"REQUEST","namespace":"module-league-static","type":"request-constants","version":1,"sender":{"name":"module-league-state","version":"4.13.1","mode":"PLUGIN","path":"D:\\bouil\\Documents\\0.Dossiers\\Stream\\GAFE2025\\ProdToolKit\\modules\\module-league-state"},"reply":"request-constants-5prh5chzsm93zrxbm"}
2025-04-05T09:12:33.948Z [warn] lpte-svc: Request was sent, but no handler was executed. This will result in a timeout. Meta={"namespace":"module-league-in-game","type":"request","version":1,"reply":"request-6336f5aa","channelType":"REQUEST"}
2025-04-05T09:12:38.947Z [warn] lpte-svc: Awaiting event timed out. namespace=reply, type=request-6336f5aa, timeout=5000
2025-04-05T09:12:38.947Z [error] lpte-svc: Request timed out after 5000ms. Request meta={"namespace":"module-league-in-game","type":"request","version":1,"reply":"request-6336f5aa","channelType":"REQUEST"}
2025-04-05T09:13:26.255Z [warn] lpte-svc: Request was sent, but no handler was executed. This will result in a timeout. Meta={"namespace":"module-league-static","type":"request-constants","version":1,"reply":"request-constants-946a265c","channelType":"REQUEST"}
2025-04-05T09:13:31.255Z [warn] lpte-svc: Awaiting event timed out. namespace=reply, type=request-constants-946a265c, timeout=5000
2025-04-05T09:13:31.255Z [error] lpte-svc: Request timed out after 5000ms. Request meta={"namespace":"module-league-static","type":"request-constants","version":1,"reply":"request-constants-946a265c","channelType":"REQUEST"}
2025-04-05T09:13:45.716Z [warn] lpte-svc: Request was sent, but no handler was executed. This will result in a timeout. Meta={"namespace":"module-league-static","type":"request-constants","version":1,"reply":"request-constants-9581fce4","channelType":"REQUEST"}
2025-04-05T09:13:50.714Z [warn] lpte-svc: Awaiting event timed out. namespace=reply, type=request-constants-9581fce4, timeout=5000
2025-04-05T09:13:50.715Z [error] lpte-svc: Request timed out after 5000ms. Request meta={"namespace":"module-league-static","type":"request-constants","version":1,"reply":"request-constants-9581fce4","channelType":"REQUEST"}
2025-04-05T09:16:34.582Z [warn] lpte-svc: Request was sent, but no handler was executed. This will result in a timeout. Meta={"namespace":"module-league-in-game","type":"request","version":1,"reply":"request-4d013fc9","channelType":"REQUEST"}
2025-04-05T09:16:39.581Z [warn] lpte-svc: Awaiting event timed out. namespace=reply, type=request-4d013fc9, timeout=5000
2025-04-05T09:16:39.581Z [error] lpte-svc: Request timed out after 5000ms. Request meta={"namespace":"module-league-in-game","type":"request","version":1,"reply":"request-4d013fc9","channelType":"REQUEST"}
2025-04-05T10:11:46.463Z [info] module-league-state: Flow: champselect - active
2025-04-05T10:21:51.897Z [info] module-league-state: Flow: champselect - inactive
2025-04-05T10:56:55.987Z [info] module-league-state: Flow: champselect - active
2025-04-05T10:56:56.003Z [info] module-league-state: Flow: champselect - reset summoners to not show
2025-04-05T10:56:56.009Z [info] module-league-state: Flow: champselect - game started (spectator delay)
2025-04-05T10:56:56.013Z [warn] lpte-svc: Request was sent, but no handler was executed. This will result in a timeout. Meta={"channelType":"REQUEST","namespace":"module-league-static","type":"request-constants","version":1,"sender":{"name":"module-league-state","version":"4.13.1","mode":"PLUGIN","path":"D:\\bouil\\Documents\\0.Dossiers\\Stream\\GAFE2025\\ProdToolKit\\modules\\module-league-state"},"reply":"request-constants-5prh5chzsm943mqx7"}
2025-04-05T10:57:01.011Z [warn] lpte-svc: Awaiting event timed out. namespace=reply, type=request-constants-5prh5chzsm943mqx7, timeout=5000
2025-04-05T10:57:01.012Z [info] module-league-state: Failed to load statics
2025-04-05T10:57:01.012Z [error] lpte-svc: Request timed out after 5000ms. Request meta={"channelType":"REQUEST","namespace":"module-league-static","type":"request-constants","version":1,"sender":{"name":"module-league-state","version":"4.13.1","mode":"PLUGIN","path":"D:\\bouil\\Documents\\0.Dossiers\\Stream\\GAFE2025\\ProdToolKit\\modules\\module-league-state"},"reply":"request-constants-5prh5chzsm943mqx7"}
2025-04-05T11:07:16.381Z [info] module-league-state: Flow: champselect - inactive
2025-04-05T11:18:15.347Z [warn] lpte-svc: Request was sent, but no handler was executed. This will result in a timeout. Meta={"channelType":"REQUEST","namespace":"module-league-static","type":"request-constants","version":1,"sender":{"name":"module-league-state","version":"4.13.1","mode":"PLUGIN","path":"D:\\bouil\\Documents\\0.Dossiers\\Stream\\GAFE2025\\ProdToolKit\\modules\\module-league-state"},"reply":"request-constants-5prh5chzsm944e628"}
2025-04-05T11:18:20.344Z [warn] lpte-svc: Awaiting event timed out. namespace=reply, type=request-constants-5prh5chzsm944e628, timeout=5000
2025-04-05T11:18:20.344Z [info] module-league-state: Failed to load statics
2025-04-05T11:18:20.344Z [error] lpte-svc: Request timed out after 5000ms. Request meta={"channelType":"REQUEST","namespace":"module-league-static","type":"request-constants","version":1,"sender":{"name":"module-league-state","version":"4.13.1","mode":"PLUGIN","path":"D:\\bouil\\Documents\\0.Dossiers\\Stream\\GAFE2025\\ProdToolKit\\modules\\module-league-state"},"reply":"request-constants-5prh5chzsm944e628"}
2025-04-05T11:18:35.009Z [warn] lpte-svc: Request was sent, but no handler was executed. This will result in a timeout. Meta={"channelType":"REQUEST","namespace":"module-league-static","type":"request-constants","version":1,"sender":{"name":"module-league-state","version":"4.13.1","mode":"PLUGIN","path":"D:\\bouil\\Documents\\0.Dossiers\\Stream\\GAFE2025\\ProdToolKit\\modules\\module-league-state"},"reply":"request-constants-5prh5chzsm944el8g"}
2025-04-05T11:18:40.009Z [warn] lpte-svc: Awaiting event timed out. namespace=reply, type=request-constants-5prh5chzsm944el8g, timeout=5000
2025-04-05T11:18:40.010Z [info] module-league-state: Failed to load statics
2025-04-05T11:18:40.010Z [error] lpte-svc: Request timed out after 5000ms. Request meta={"channelType":"REQUEST","namespace":"module-league-static","type":"request-constants","version":1,"sender":{"name":"module-league-state","version":"4.13.1","mode":"PLUGIN","path":"D:\\bouil\\Documents\\0.Dossiers\\Stream\\GAFE2025\\ProdToolKit\\modules\\module-league-state"},"reply":"request-constants-5prh5chzsm944el8g"}
2025-04-05T11:20:01.020Z [info] module-league-state: Flow: lobby - active
2025-04-05T11:21:01.691Z [info] module-league-state: Flow: champselect - active
2025-04-05T11:21:01.825Z [info] module-league-state: Flow: champselect - reset summoners to not show
2025-04-05T11:22:59.411Z [info] module-league-state: Flow: champselect - game started (spectator delay)
2025-04-05T11:22:59.417Z [warn] lpte-svc: Request was sent, but no handler was executed. This will result in a timeout. Meta={"channelType":"REQUEST","namespace":"module-league-static","type":"request-constants","version":1,"sender":{"name":"module-league-state","version":"4.13.1","mode":"PLUGIN","path":"D:\\bouil\\Documents\\0.Dossiers\\Stream\\GAFE2025\\ProdToolKit\\modules\\module-league-state"},"reply":"request-constants-5prh5chzsm944k994"}
2025-04-05T11:23:04.417Z [warn] lpte-svc: Awaiting event timed out. namespace=reply, type=request-constants-5prh5chzsm944k994, timeout=5000
2025-04-05T11:23:04.417Z [info] module-league-state: Failed to load statics
2025-04-05T11:23:04.417Z [error] lpte-svc: Request timed out after 5000ms. Request meta={"channelType":"REQUEST","namespace":"module-league-static","type":"request-constants","version":1,"sender":{"name":"module-league-state","version":"4.13.1","mode":"PLUGIN","path":"D:\\bouil\\Documents\\0.Dossiers\\Stream\\GAFE2025\\ProdToolKit\\modules\\module-league-state"},"reply":"request-constants-5prh5chzsm944k994"}
2025-04-05T11:25:30.785Z [info] module-league-state: Flow: lobby - inactive
2025-04-05T11:40:02.883Z [info] module-league-state: Flow: champselect - inactive
2025-04-05T11:42:44.276Z [warn] lpte-svc: Request was sent, but no handler was executed. This will result in a timeout. Meta={"channelType":"REQUEST","namespace":"module-league-static","type":"request-constants","version":1,"sender":{"name":"module-league-state","version":"4.13.1","mode":"PLUGIN","path":"D:\\bouil\\Documents\\0.Dossiers\\Stream\\GAFE2025\\ProdToolKit\\modules\\module-league-state"},"reply":"request-constants-5prh5chzsm9459nhu"}
2025-04-05T11:42:49.274Z [warn] lpte-svc: Awaiting event timed out. namespace=reply, type=request-constants-5prh5chzsm9459nhu, timeout=5000
2025-04-05T11:42:49.275Z [info] module-league-state: Failed to load statics
2025-04-05T11:42:49.275Z [error] lpte-svc: Request timed out after 5000ms. Request meta={"channelType":"REQUEST","namespace":"module-league-static","type":"request-constants","version":1,"sender":{"name":"module-league-state","version":"4.13.1","mode":"PLUGIN","path":"D:\\bouil\\Documents\\0.Dossiers\\Stream\\GAFE2025\\ProdToolKit\\modules\\module-league-state"},"reply":"request-constants-5prh5chzsm9459nhu"}
2025-04-05T14:25:20.431Z [info] main:  _          _       _____           _ _    _ _   
2025-04-05T14:25:20.432Z [info] main: | |    ___ | |     |_   _|__   ___ | | | _(_) |_ 
2025-04-05T14:25:20.433Z [info] main: | |   / _ \| |       | |/ _ \ / _ \| | |/ / | __|
2025-04-05T14:25:20.433Z [info] main: | |__| (_) | |___    | | (_) | (_) | |   <| | |_ 
2025-04-05T14:25:20.433Z [info] main: |_____\___/|_____|   |_|\___/ \___/|_|_|\_\_|\__|
2025-04-05T14:25:20.433Z [info] main: 
2025-04-05T14:25:20.861Z [info] lpte-svc: Initialized event bus.
2025-04-05T14:25:20.861Z [info] module-svc: Initializing module service.
2025-04-05T14:25:22.416Z [info] module-svc: Initialized 16 module(s). Now loading plugins.
2025-04-05T14:25:23.046Z [info] main: LoL Toolkit started up successfully.
2025-04-05T14:25:22.417Z [info] module-svc: Loaded 16 plugin(s).
2025-04-05T14:25:23.047Z [info] module-svc: Plugin status changed: plugin=plugin-prod-clock, old=UNAVAILABLE, new=RUNNING
2025-04-05T14:25:23.047Z [info] module-svc: Plugin status changed: plugin=plugin-database, old=UNAVAILABLE, new=RUNNING
2025-04-05T14:25:23.047Z [info] module-svc: Plugin status changed: plugin=plugin-config, old=UNAVAILABLE, new=RUNNING
2025-04-05T14:25:23.048Z [info] module-svc: Plugin status changed: plugin=module-league-runes, old=UNAVAILABLE, new=RUNNING
2025-04-05T14:25:23.048Z [info] module-svc: Plugin status changed: plugin=module-league-prm, old=UNAVAILABLE, new=RUNNING
2025-04-05T14:25:23.048Z [info] module-svc: Plugin status changed: plugin=module-league-fearless, old=UNAVAILABLE, new=RUNNING
2025-04-05T14:25:23.048Z [info] module-svc: Plugin status changed: plugin=module-league-end-of-game, old=UNAVAILABLE, new=RUNNING
2025-04-05T14:25:23.049Z [info] module-svc: Plugin status changed: plugin=module-league-champselect-ui, old=UNAVAILABLE, new=RUNNING
2025-04-05T14:25:23.049Z [info] module-svc: Plugin status changed: plugin=module-league-caster-cockpit, old=UNAVAILABLE, new=RUNNING
2025-04-05T14:25:23.050Z [info] module-svc: Plugin status changed: plugin=module-caster, old=UNAVAILABLE, new=RUNNING
2025-04-05T14:25:23.056Z [info] module-svc: Plugin status changed: plugin=plugin-theming, old=UNAVAILABLE, new=RUNNING
2025-04-05T14:25:23.058Z [info] module-svc: Plugin status changed: plugin=plugin-webapi, old=UNAVAILABLE, new=RUNNING
2025-04-05T14:25:23.058Z [info] module-svc: Plugin status changed: plugin=module-league-state, old=UNAVAILABLE, new=RUNNING
2025-04-05T14:25:23.058Z [info] module-svc: Plugin status changed: plugin=module-league-in-game, old=UNAVAILABLE, new=RUNNING
2025-04-05T14:25:23.068Z [info] module-svc: Plugin status changed: plugin=module-teams, old=UNAVAILABLE, new=RUNNING
2025-04-05T14:25:23.224Z [info] module-svc: Plugin status changed: plugin=module-league-static, old=UNAVAILABLE, new=RUNNING
2025-04-05T14:25:23.227Z [info] auth: =========================
2025-04-05T14:25:23.227Z [info] auth: Authentication is enabled
2025-04-05T14:25:23.227Z [info] auth: Admin API key: RCVPT-E34PM5D-YFE4BGM-M3AQX5H-9HB69WM
2025-04-05T14:25:23.227Z [info] auth: =========================
2025-04-05T14:25:23.232Z [info] server: Listening for requests on http://localhost:3003
2025-04-05T14:25:45.567Z [info] module-league-state: Flow: lobby - active
2025-04-05T14:26:09.277Z [info] module-league-state: Flow: champselect - active
2025-04-05T14:27:32.295Z [info] module-league-state: Flow: champselect - game started (spectator delay)
2025-04-05T14:27:32.303Z [info] plugin-webapi: Fetching livegame data for summoner=
2025-04-05T14:27:32.477Z [error] plugin-webapi: Failed to get information for summoner=. Maybe this summoner does not exist? error=GenericError: Request failed with status code 400
2025-04-05T14:27:32.481Z [error] module-league-state: Loading livegame failed for summoner=
2025-04-05T14:27:54.621Z [info] module-league-state: Flow: lobby - inactive
2025-04-05T14:27:54.622Z [info] module-league-state: Flow: champselect - inactive
2025-04-05T14:29:05.938Z [info] module-league-state: Flow: lobby - active
2025-04-05T14:29:42.233Z [info] module-league-state: Flow: champselect - active
2025-04-05T14:29:42.343Z [info] module-league-state: Flow: champselect - reset summoners to not show
2025-04-05T14:30:03.791Z [info] module-league-state: Flow: champselect - inactive
2025-04-05T14:30:03.858Z [info] module-league-state: Flow: lobby - inactive
2025-04-05T14:31:22.700Z [info] module-league-state: Flow: lobby - active
2025-04-05T14:31:57.038Z [info] module-league-state: Flow: champselect - active
2025-04-05T14:33:18.758Z [info] module-league-state: Flow: champselect - game started (spectator delay)
2025-04-05T14:33:18.767Z [info] plugin-webapi: Fetching livegame data for summoner=
2025-04-05T14:33:19.041Z [error] plugin-webapi: Failed to get information for summoner=. Maybe this summoner does not exist? error=GenericError: Request failed with status code 400
2025-04-05T14:33:19.043Z [error] module-league-state: Loading livegame failed for summoner=
2025-04-05T14:33:32.553Z [info] module-league-state: Flow: lobby - inactive
2025-04-05T14:33:32.554Z [info] module-league-state: Flow: champselect - inactive
2025-04-05T14:33:44.256Z [info] module-league-state: Flow: lobby - active
2025-04-05T14:34:01.067Z [info] module-league-state: Flow: champselect - active
2025-04-05T14:34:01.237Z [info] module-league-state: Flow: champselect - reset summoners to not show
2025-04-05T14:35:23.451Z [info] module-league-state: Flow: champselect - game started (spectator delay)
2025-04-05T14:35:23.456Z [info] plugin-webapi: Fetching livegame data for summoner=
2025-04-05T14:35:23.685Z [error] plugin-webapi: Failed to get information for summoner=. Maybe this summoner does not exist? error=GenericError: Request failed with status code 400
2025-04-05T14:35:23.687Z [error] module-league-state: Loading livegame failed for summoner=
2025-04-05T14:37:42.545Z [info] module-league-state: Flow: lobby - inactive
2025-04-05T14:37:42.549Z [info] module-league-state: Flow: champselect - inactive
2025-04-05T17:01:36.726Z [info] module-league-state: Flow: lobby - active
2025-04-05T17:01:45.115Z [info] module-league-state: Flow: champselect - active
2025-04-05T17:01:45.223Z [info] module-league-state: Flow: champselect - reset summoners to not show
2025-04-05T17:01:51.525Z [info] module-league-state: Flow: lobby - inactive
2025-04-05T17:01:51.526Z [info] module-league-state: Flow: champselect - inactive
2025-04-05T17:04:46.899Z [info] module-league-state: Flow: lobby - active
2025-04-05T17:04:56.215Z [info] module-league-state: Flow: champselect - active
2025-04-05T17:05:14.206Z [info] module-league-state: Flow: lobby - inactive
2025-04-05T17:05:14.206Z [info] module-league-state: Flow: champselect - inactive
2025-04-05T17:09:35.675Z [info] plugin-config: config for module-league-state saved!
2025-04-05T17:16:45.848Z [info] module-league-state: Flow: lobby - active
2025-04-05T17:17:43.017Z [info] plugin-config: config for module-league-state saved!
2025-04-05T17:17:45.159Z [info] plugin-config: config for module-league-state saved!
2025-04-05T17:18:56.348Z [info] plugin-config: config for module-league-state saved!
2025-04-05T17:18:58.325Z [info] module-league-state: Flow: champselect - active
2025-04-05T17:20:16.412Z [info] module-league-state: Flow: lobby - inactive
2025-04-05T17:20:16.413Z [info] module-league-state: Flow: champselect - inactive
2025-04-05T17:20:18.152Z [info] plugin-config: config for module-league-state saved!
2025-04-06T13:38:11.150Z [info] main:  _          _       _____           _ _    _ _   
2025-04-06T13:38:11.152Z [info] main: | |    ___ | |     |_   _|__   ___ | | | _(_) |_ 
2025-04-06T13:38:11.152Z [info] main: | |   / _ \| |       | |/ _ \ / _ \| | |/ / | __|
2025-04-06T13:38:11.152Z [info] main: | |__| (_) | |___    | | (_) | (_) | |   <| | |_ 
2025-04-06T13:38:11.152Z [info] main: |_____\___/|_____|   |_|\___/ \___/|_|_|\_\_|\__|
2025-04-06T13:38:11.153Z [info] main: 
2025-04-06T13:38:11.684Z [info] lpte-svc: Initialized event bus.
2025-04-06T13:38:11.685Z [info] module-svc: Initializing module service.
2025-04-06T13:38:13.205Z [info] module-svc: Initialized 16 module(s). Now loading plugins.
2025-04-06T13:38:22.083Z [info] main: LoL Toolkit started up successfully.
2025-04-06T13:38:22.088Z [warn] lpte-svc: Awaiting event timed out. namespace=reply, type=request-5prh5cy5km95ou27l, timeout=5000
2025-04-06T13:38:13.206Z [info] module-svc: Loaded 16 plugin(s).
2025-04-06T13:38:22.084Z [info] module-svc: Plugin status changed: plugin=plugin-prod-clock, old=UNAVAILABLE, new=RUNNING
2025-04-06T13:38:22.084Z [info] module-svc: Plugin status changed: plugin=plugin-database, old=UNAVAILABLE, new=RUNNING
2025-04-06T13:38:22.084Z [info] module-svc: Plugin status changed: plugin=plugin-config, old=UNAVAILABLE, new=RUNNING
2025-04-06T13:38:22.085Z [info] module-svc: Plugin status changed: plugin=module-league-runes, old=UNAVAILABLE, new=RUNNING
2025-04-06T13:38:22.086Z [info] module-svc: Plugin status changed: plugin=module-league-prm, old=UNAVAILABLE, new=RUNNING
2025-04-06T13:38:22.086Z [info] module-svc: Plugin status changed: plugin=module-league-fearless, old=UNAVAILABLE, new=RUNNING
2025-04-06T13:38:22.086Z [info] module-svc: Plugin status changed: plugin=module-league-end-of-game, old=UNAVAILABLE, new=RUNNING
2025-04-06T13:38:22.087Z [info] module-svc: Plugin status changed: plugin=module-league-champselect-ui, old=UNAVAILABLE, new=RUNNING
2025-04-06T13:38:22.087Z [info] module-svc: Plugin status changed: plugin=module-league-caster-cockpit, old=UNAVAILABLE, new=RUNNING
2025-04-06T13:38:22.087Z [info] module-svc: Plugin status changed: plugin=module-caster, old=UNAVAILABLE, new=RUNNING
2025-04-06T13:38:22.088Z [error] lpte-svc: Request timed out after 5000ms. Request meta={"channelType":"REQUEST","type":"request","namespace":"plugin-config","version":1,"sender":{"name":"plugin-webapi","version":"2.2.3","mode":"PLUGIN","path":"D:\\bouil\\Documents\\0.Dossiers\\Stream\\GAFE2025\\ProdToolKit\\modules\\plugin-webapi"},"reply":"request-5prh5cy5km95ou27l"}
2025-04-06T13:38:22.097Z [info] module-svc: Plugin status changed: plugin=plugin-webapi, old=UNAVAILABLE, new=RUNNING
2025-04-06T13:38:22.097Z [info] module-svc: Plugin status changed: plugin=module-league-state, old=UNAVAILABLE, new=RUNNING
2025-04-06T13:38:22.088Z [warn] plugin-webapi: config could not be loaded
2025-04-06T13:38:22.097Z [info] module-svc: Plugin status changed: plugin=module-league-in-game, old=UNAVAILABLE, new=RUNNING
2025-04-06T13:38:22.097Z [info] module-svc: Plugin status changed: plugin=plugin-theming, old=UNAVAILABLE, new=RUNNING
2025-04-06T13:38:22.676Z [info] module-svc: Plugin status changed: plugin=module-league-static, old=UNAVAILABLE, new=RUNNING
2025-04-06T13:38:22.676Z [info] module-svc: Plugin status changed: plugin=module-teams, old=UNAVAILABLE, new=RUNNING
2025-04-06T13:38:22.679Z [info] auth: =========================
2025-04-06T13:38:22.679Z [info] auth: Authentication is enabled
2025-04-06T13:38:22.679Z [info] auth: Admin API key: RCVPT-E34PM5D-YFE4BGM-M3AQX5H-9HB69WM
2025-04-06T13:38:22.680Z [info] auth: =========================
2025-04-06T13:38:22.686Z [info] server: Listening for requests on http://localhost:3003
2025-04-06T13:39:44.527Z [warn] auth: jwt expired
2025-04-06T13:39:49.918Z [warn] auth: jwt expired
2025-04-06T13:39:49.923Z [warn] auth: jwt expired
2025-04-06T13:39:50.270Z [warn] auth: jwt expired
2025-04-06T13:45:56.349Z [info] main:  _          _       _____           _ _    _ _   
2025-04-06T13:45:56.351Z [info] main: | |    ___ | |     |_   _|__   ___ | | | _(_) |_ 
2025-04-06T13:45:56.351Z [info] main: | |   / _ \| |       | |/ _ \ / _ \| | |/ / | __|
2025-04-06T13:45:56.351Z [info] main: | |__| (_) | |___    | | (_) | (_) | |   <| | |_ 
2025-04-06T13:45:56.352Z [info] main: |_____\___/|_____|   |_|\___/ \___/|_|_|\_\_|\__|
2025-04-06T13:45:56.352Z [info] main: 
2025-04-06T13:45:56.530Z [info] lpte-svc: Initialized event bus.
2025-04-06T13:45:56.531Z [info] module-svc: Initializing module service.
2025-04-06T13:45:57.053Z [info] module-svc: Initialized 16 module(s). Now loading plugins.
2025-04-06T13:45:57.587Z [info] main: LoL Toolkit started up successfully.
2025-04-06T13:45:57.054Z [info] module-svc: Loaded 16 plugin(s).
2025-04-06T13:45:57.588Z [info] module-svc: Plugin status changed: plugin=plugin-prod-clock, old=UNAVAILABLE, new=RUNNING
2025-04-06T13:45:57.588Z [info] module-svc: Plugin status changed: plugin=plugin-database, old=UNAVAILABLE, new=RUNNING
2025-04-06T13:45:57.589Z [info] module-svc: Plugin status changed: plugin=plugin-config, old=UNAVAILABLE, new=RUNNING
2025-04-06T13:45:57.589Z [info] module-svc: Plugin status changed: plugin=module-league-runes, old=UNAVAILABLE, new=RUNNING
2025-04-06T13:45:57.590Z [info] module-svc: Plugin status changed: plugin=module-league-prm, old=UNAVAILABLE, new=RUNNING
2025-04-06T13:45:57.590Z [info] module-svc: Plugin status changed: plugin=module-league-fearless, old=UNAVAILABLE, new=RUNNING
2025-04-06T13:45:57.590Z [info] module-svc: Plugin status changed: plugin=module-league-end-of-game, old=UNAVAILABLE, new=RUNNING
2025-04-06T13:45:57.590Z [info] module-svc: Plugin status changed: plugin=module-league-champselect-ui, old=UNAVAILABLE, new=RUNNING
2025-04-06T13:45:57.591Z [info] module-svc: Plugin status changed: plugin=module-league-caster-cockpit, old=UNAVAILABLE, new=RUNNING
2025-04-06T13:45:57.591Z [info] module-svc: Plugin status changed: plugin=module-caster, old=UNAVAILABLE, new=RUNNING
2025-04-06T13:45:57.599Z [info] module-svc: Plugin status changed: plugin=plugin-theming, old=UNAVAILABLE, new=RUNNING
2025-04-06T13:45:57.604Z [info] module-svc: Plugin status changed: plugin=plugin-webapi, old=UNAVAILABLE, new=RUNNING
2025-04-06T13:45:57.604Z [info] module-svc: Plugin status changed: plugin=module-league-state, old=UNAVAILABLE, new=RUNNING
2025-04-06T13:45:57.604Z [info] module-svc: Plugin status changed: plugin=module-league-in-game, old=UNAVAILABLE, new=RUNNING
2025-04-06T13:45:57.610Z [info] module-svc: Plugin status changed: plugin=module-teams, old=UNAVAILABLE, new=RUNNING
2025-04-06T13:45:57.778Z [info] module-svc: Plugin status changed: plugin=module-league-static, old=UNAVAILABLE, new=RUNNING
2025-04-06T13:45:57.785Z [info] auth: =========================
2025-04-06T13:45:57.785Z [info] auth: Authentication is enabled
2025-04-06T13:45:57.785Z [info] auth: Admin API key: RCVPT-E34PM5D-YFE4BGM-M3AQX5H-9HB69WM
2025-04-06T13:45:57.785Z [info] auth: =========================
2025-04-06T13:45:57.793Z [info] server: Listening for requests on http://localhost:3003
2025-04-06T13:46:02.128Z [info] module-league-state: Flow: champselect - active
2025-04-06T13:46:02.132Z [info] module-league-state: Flow: champselect - active
2025-04-06T13:46:02.154Z [info] module-league-state: Flow: lobby - active
2025-04-06T13:46:02.154Z [info] module-league-state: Flow: lobby - active
2025-04-06T13:46:05.597Z [info] module-league-state: Flow: champselect - active
2025-04-06T13:46:06.815Z [info] module-league-state: Flow: lobby - active
2025-04-06T13:47:25.851Z [info] module-league-state: Flow: lobby - inactive
2025-04-06T13:47:25.852Z [info] module-league-state: Flow: champselect - inactive
2025-04-06T13:48:46.465Z [info] module-league-state: Flow: lobby - active
2025-04-06T13:48:54.105Z [info] module-league-state: Flow: champselect - active
2025-04-06T13:49:10.383Z [info] module-league-state: Flow: champselect - active
2025-04-06T13:50:49.849Z [info] module-league-state: Flow: lobby - inactive
2025-04-06T13:50:49.849Z [info] module-league-state: Flow: champselect - inactive
2025-04-06T13:57:14.491Z [info] module-league-state: Flow: lobby - active
2025-04-06T13:57:23.788Z [info] module-league-state: Flow: champselect - active
2025-04-06T13:58:52.521Z [info] module-league-state: Flow: lobby - inactive
2025-04-06T13:58:52.521Z [info] module-league-state: Flow: champselect - inactive
2025-04-06T14:02:52.726Z [info] module-league-state: Flow: lobby - active
2025-04-06T14:02:54.249Z [info] module-league-state: Flow: champselect - active
2025-04-06T14:03:23.721Z [info] module-league-state: Flow: lobby - inactive
2025-04-06T14:03:23.723Z [info] module-league-state: Flow: champselect - inactive
2025-04-06T14:04:24.904Z [info] module-league-state: Flow: lobby - active
2025-04-06T14:04:33.162Z [info] module-league-state: Flow: champselect - active
2025-04-06T14:04:38.563Z [info] module-league-state: Flow: lobby - inactive
2025-04-06T14:04:38.564Z [info] module-league-state: Flow: champselect - inactive
2025-04-06T14:05:14.041Z [info] module-league-state: Flow: lobby - active
2025-04-06T14:05:16.369Z [info] module-league-state: Flow: champselect - active
2025-04-06T14:05:20.516Z [info] module-league-state: Flow: lobby - inactive
2025-04-06T14:05:20.518Z [info] module-league-state: Flow: champselect - inactive
2025-04-06T14:07:02.503Z [info] module-league-state: Flow: lobby - active
2025-04-06T14:07:16.196Z [info] module-league-state: Flow: champselect - active
2025-04-06T14:08:04.510Z [info] module-league-state: Flow: lobby - inactive
2025-04-06T14:08:04.511Z [info] module-league-state: Flow: champselect - inactive
2025-04-06T14:31:56.923Z [info] module-league-state: Flow: lobby - active
2025-04-06T14:32:06.676Z [info] module-league-state: Flow: champselect - active
2025-04-06T14:34:39.752Z [info] module-league-state: Flow: lobby - inactive
2025-04-06T14:34:39.753Z [info] module-league-state: Flow: champselect - inactive
2025-04-06T14:38:59.530Z [info] module-league-state: Flow: lobby - active
2025-04-06T14:39:18.926Z [info] module-league-state: Flow: champselect - active
2025-04-06T14:41:13.407Z [info] module-league-state: Flow: lobby - inactive
2025-04-06T14:41:13.412Z [info] module-league-state: Flow: champselect - inactive
2025-04-06T15:37:33.433Z [info] module-league-state: Flow: lobby - active
2025-04-06T15:38:04.430Z [info] plugin-config: config for module-league-state saved!
2025-04-06T15:38:06.090Z [info] module-league-state: Flow: champselect - active
2025-04-06T15:39:40.973Z [info] module-league-state: Flow: lobby - inactive
2025-04-06T15:39:40.977Z [info] module-league-state: Flow: champselect - inactive
2025-04-06T15:39:41.458Z [info] plugin-config: config for module-league-state saved!
2025-04-06T15:45:17.766Z [info] module-league-state: Flow: lobby - active
2025-04-06T15:45:34.350Z [info] module-league-state: Flow: champselect - active
2025-04-06T15:46:06.356Z [info] module-league-state: Flow: lobby - inactive
2025-04-06T15:46:06.358Z [info] module-league-state: Flow: champselect - inactive
2025-04-06T15:46:59.411Z [info] module-league-state: Flow: lobby - active
2025-04-06T15:52:29.050Z [info] plugin-config: config for module-league-state saved!
2025-04-06T15:52:29.662Z [info] module-league-state: Flow: champselect - active
2025-04-06T15:53:37.010Z [info] module-league-state: Flow: lobby - inactive
2025-04-06T15:53:37.020Z [info] module-league-state: Flow: champselect - inactive
2025-04-06T15:53:38.314Z [info] plugin-config: config for module-league-state saved!
2025-04-06T16:54:10.014Z [info] module-league-state: Flow: champselect - active
2025-04-06T16:54:10.015Z [info] module-league-state: Flow: champselect - game started (spectator delay)
2025-04-06T16:54:10.049Z [info] plugin-webapi: Fetching livegame data for summoner=
2025-04-06T16:54:10.300Z [error] plugin-webapi: Failed to get information for summoner=. Maybe this summoner does not exist? error=GenericError: Request failed with status code 400
2025-04-06T16:54:10.303Z [error] module-league-state: Loading livegame failed for summoner=
2025-04-06T16:57:28.660Z [info] module-league-state: Flow: champselect - inactive
2025-04-06T18:15:36.267Z [info] module-league-state: Flow: lobby - active
2025-04-06T18:15:52.489Z [info] module-league-state: Flow: champselect - active
2025-04-06T18:15:52.631Z [info] module-league-state: Flow: champselect - reset summoners to not show
2025-04-06T18:18:33.243Z [info] module-league-state: Flow: lobby - inactive
2025-04-06T18:18:33.245Z [info] module-league-state: Flow: champselect - inactive
2025-04-06T19:00:23.500Z [info] plugin-webapi: Fetching match data for matchid=EUW1_7359953377
2025-04-06T19:00:24.369Z [info] plugin-webapi: Fetched match for matchId=EUW1_7359953377, gameId=7359953377
2025-04-07T16:34:11.935Z [info] main:  _          _       _____           _ _    _ _   
2025-04-07T16:34:11.937Z [info] main: | |    ___ | |     |_   _|__   ___ | | | _(_) |_ 
2025-04-07T16:34:11.937Z [info] main: | |   / _ \| |       | |/ _ \ / _ \| | |/ / | __|
2025-04-07T16:34:11.937Z [info] main: | |__| (_) | |___    | | (_) | (_) | |   <| | |_ 
2025-04-07T16:34:11.937Z [info] main: |_____\___/|_____|   |_|\___/ \___/|_|_|\_\_|\__|
2025-04-07T16:34:11.938Z [info] main: 
2025-04-07T16:34:12.560Z [info] lpte-svc: Initialized event bus.
2025-04-07T16:34:12.560Z [info] module-svc: Initializing module service.
2025-04-07T16:34:19.275Z [info] module-svc: Initialized 16 module(s). Now loading plugins.
2025-04-07T16:34:27.432Z [info] main: LoL Toolkit started up successfully.
2025-04-07T16:34:27.433Z [warn] lpte-svc: Awaiting event timed out. namespace=reply, type=request-5prh5c10agm97akdj2, timeout=5000
2025-04-07T16:34:19.276Z [info] module-svc: Loaded 16 plugin(s).
2025-04-07T16:34:27.435Z [info] module-svc: Plugin status changed: plugin=plugin-prod-clock, old=UNAVAILABLE, new=RUNNING
2025-04-07T16:34:27.435Z [info] module-svc: Plugin status changed: plugin=plugin-database, old=UNAVAILABLE, new=RUNNING
2025-04-07T16:34:27.435Z [info] module-svc: Plugin status changed: plugin=plugin-config, old=UNAVAILABLE, new=RUNNING
2025-04-07T16:34:27.436Z [info] module-svc: Plugin status changed: plugin=module-league-runes, old=UNAVAILABLE, new=RUNNING
2025-04-07T16:34:27.437Z [info] module-svc: Plugin status changed: plugin=module-league-prm, old=UNAVAILABLE, new=RUNNING
2025-04-07T16:34:27.437Z [info] module-svc: Plugin status changed: plugin=module-league-fearless, old=UNAVAILABLE, new=RUNNING
2025-04-07T16:34:27.437Z [info] module-svc: Plugin status changed: plugin=module-league-end-of-game, old=UNAVAILABLE, new=RUNNING
2025-04-07T16:34:27.438Z [info] module-svc: Plugin status changed: plugin=module-league-champselect-ui, old=UNAVAILABLE, new=RUNNING
2025-04-07T16:34:27.438Z [info] module-svc: Plugin status changed: plugin=module-league-caster-cockpit, old=UNAVAILABLE, new=RUNNING
2025-04-07T16:34:27.438Z [info] module-svc: Plugin status changed: plugin=module-caster, old=UNAVAILABLE, new=RUNNING
2025-04-07T16:34:27.433Z [error] lpte-svc: Request timed out after 5000ms. Request meta={"channelType":"REQUEST","type":"request","namespace":"plugin-config","version":1,"sender":{"name":"plugin-webapi","version":"2.2.3","mode":"PLUGIN","path":"D:\\bouil\\Documents\\0.Dossiers\\Stream\\GAFE2025\\ProdToolKit\\modules\\plugin-webapi"},"reply":"request-5prh5c10agm97akdj2"}
2025-04-07T16:34:27.440Z [info] module-svc: Plugin status changed: plugin=plugin-webapi, old=UNAVAILABLE, new=RUNNING
2025-04-07T16:34:27.433Z [warn] plugin-webapi: config could not be loaded
2025-04-07T16:34:27.448Z [info] module-svc: Plugin status changed: plugin=module-league-state, old=UNAVAILABLE, new=RUNNING
2025-04-07T16:34:27.448Z [info] module-svc: Plugin status changed: plugin=module-league-in-game, old=UNAVAILABLE, new=RUNNING
2025-04-07T16:34:27.450Z [info] module-svc: Plugin status changed: plugin=plugin-theming, old=UNAVAILABLE, new=RUNNING
2025-04-07T16:34:27.463Z [info] module-svc: Plugin status changed: plugin=module-teams, old=UNAVAILABLE, new=RUNNING
2025-04-07T16:34:28.023Z [info] module-svc: Plugin status changed: plugin=module-league-static, old=UNAVAILABLE, new=RUNNING
2025-04-07T16:34:28.026Z [info] auth: =========================
2025-04-07T16:34:28.026Z [info] auth: Authentication is enabled
2025-04-07T16:34:28.026Z [info] auth: Admin API key: RCVPT-E34PM5D-YFE4BGM-M3AQX5H-9HB69WM
2025-04-07T16:34:28.026Z [info] auth: =========================
2025-04-07T16:34:28.033Z [info] server: Listening for requests on http://localhost:3003
2025-04-07T16:34:31.892Z [warn] auth: jwt expired
2025-04-07T16:45:53.450Z [info] plugin-webapi: Fetching match data for matchid=EUW1_7360885477
2025-04-07T16:45:53.592Z [error] plugin-webapi: Failed to get match information for matchId=EUW1_7360885477. Maybe the match is not over yet? error=GenericError: Request failed with status code 403
2025-04-07T16:45:53.596Z [error] module-league-state: Loading match failed for gameId=7360885477
2025-04-07T16:49:34.407Z [warn] auth: jwt expired
2025-04-07T16:57:53.258Z [info] main:  _          _       _____           _ _    _ _   
2025-04-07T16:57:53.260Z [info] main: | |    ___ | |     |_   _|__   ___ | | | _(_) |_ 
2025-04-07T16:57:53.260Z [info] main: | |   / _ \| |       | |/ _ \ / _ \| | |/ / | __|
2025-04-07T16:57:53.260Z [info] main: | |__| (_) | |___    | | (_) | (_) | |   <| | |_ 
2025-04-07T16:57:53.261Z [info] main: |_____\___/|_____|   |_|\___/ \___/|_|_|\_\_|\__|
2025-04-07T16:57:53.261Z [info] main: 
2025-04-07T16:57:53.727Z [info] lpte-svc: Initialized event bus.
2025-04-07T16:57:53.728Z [info] module-svc: Initializing module service.
2025-04-07T16:57:55.204Z [info] module-svc: Initialized 16 module(s). Now loading plugins.
2025-04-07T16:57:55.740Z [info] main: LoL Toolkit started up successfully.
2025-04-07T16:57:55.205Z [info] module-svc: Loaded 16 plugin(s).
2025-04-07T16:57:55.741Z [info] module-svc: Plugin status changed: plugin=plugin-prod-clock, old=UNAVAILABLE, new=RUNNING
2025-04-07T16:57:55.742Z [info] module-svc: Plugin status changed: plugin=plugin-database, old=UNAVAILABLE, new=RUNNING
2025-04-07T16:57:55.742Z [info] module-svc: Plugin status changed: plugin=plugin-config, old=UNAVAILABLE, new=RUNNING
2025-04-07T16:57:55.743Z [info] module-svc: Plugin status changed: plugin=module-league-runes, old=UNAVAILABLE, new=RUNNING
2025-04-07T16:57:55.743Z [info] module-svc: Plugin status changed: plugin=module-league-prm, old=UNAVAILABLE, new=RUNNING
2025-04-07T16:57:55.743Z [info] module-svc: Plugin status changed: plugin=module-league-fearless, old=UNAVAILABLE, new=RUNNING
2025-04-07T16:57:55.743Z [info] module-svc: Plugin status changed: plugin=module-league-end-of-game, old=UNAVAILABLE, new=RUNNING
2025-04-07T16:57:55.744Z [info] module-svc: Plugin status changed: plugin=module-league-champselect-ui, old=UNAVAILABLE, new=RUNNING
2025-04-07T16:57:55.744Z [info] module-svc: Plugin status changed: plugin=module-league-caster-cockpit, old=UNAVAILABLE, new=RUNNING
2025-04-07T16:57:55.744Z [info] module-svc: Plugin status changed: plugin=module-caster, old=UNAVAILABLE, new=RUNNING
2025-04-07T16:57:55.754Z [info] module-svc: Plugin status changed: plugin=plugin-webapi, old=UNAVAILABLE, new=RUNNING
2025-04-07T16:57:55.755Z [info] module-svc: Plugin status changed: plugin=module-league-state, old=UNAVAILABLE, new=RUNNING
2025-04-07T16:57:55.755Z [info] module-svc: Plugin status changed: plugin=module-league-in-game, old=UNAVAILABLE, new=RUNNING
2025-04-07T16:57:55.762Z [info] module-svc: Plugin status changed: plugin=module-teams, old=UNAVAILABLE, new=RUNNING
2025-04-07T16:57:55.762Z [info] module-svc: Plugin status changed: plugin=plugin-theming, old=UNAVAILABLE, new=RUNNING
2025-04-07T16:57:55.923Z [info] module-svc: Plugin status changed: plugin=module-league-static, old=UNAVAILABLE, new=RUNNING
2025-04-07T16:57:55.926Z [info] auth: =========================
2025-04-07T16:57:55.926Z [info] auth: Authentication is enabled
2025-04-07T16:57:55.926Z [info] auth: Admin API key: RCVPT-E34PM5D-YFE4BGM-M3AQX5H-9HB69WM
2025-04-07T16:57:55.926Z [info] auth: =========================
2025-04-07T16:57:55.931Z [info] server: Listening for requests on http://localhost:3003
2025-04-07T17:02:16.218Z [info] plugin-webapi: Fetching match data for matchid=EUW1_7360902632
2025-04-07T17:02:16.710Z [info] plugin-webapi: Fetched match for matchId=EUW1_7360902632, gameId=7360902632
2025-04-07T17:02:23.222Z [warn] auth: jwt expired
2025-04-07T17:25:07.473Z [info] main:  _          _       _____           _ _    _ _   
2025-04-07T17:25:07.475Z [info] main: | |    ___ | |     |_   _|__   ___ | | | _(_) |_ 
2025-04-07T17:25:07.475Z [info] main: | |   / _ \| |       | |/ _ \ / _ \| | |/ / | __|
2025-04-07T17:25:07.475Z [info] main: | |__| (_) | |___    | | (_) | (_) | |   <| | |_ 
2025-04-07T17:25:07.475Z [info] main: |_____\___/|_____|   |_|\___/ \___/|_|_|\_\_|\__|
2025-04-07T17:25:07.476Z [info] main: 
2025-04-07T17:25:07.912Z [info] lpte-svc: Initialized event bus.
2025-04-07T17:25:07.913Z [info] module-svc: Initializing module service.
2025-04-07T17:25:09.547Z [info] module-svc: Initialized 16 module(s). Now loading plugins.
2025-04-07T17:25:10.143Z [info] main: LoL Toolkit started up successfully.
2025-04-07T17:25:09.548Z [info] module-svc: Loaded 16 plugin(s).
2025-04-07T17:25:10.144Z [info] module-svc: Plugin status changed: plugin=plugin-prod-clock, old=UNAVAILABLE, new=RUNNING
2025-04-07T17:25:10.144Z [info] module-svc: Plugin status changed: plugin=plugin-database, old=UNAVAILABLE, new=RUNNING
2025-04-07T17:25:10.144Z [info] module-svc: Plugin status changed: plugin=plugin-config, old=UNAVAILABLE, new=RUNNING
2025-04-07T17:25:10.145Z [info] module-svc: Plugin status changed: plugin=module-league-runes, old=UNAVAILABLE, new=RUNNING
2025-04-07T17:25:10.145Z [info] module-svc: Plugin status changed: plugin=module-league-prm, old=UNAVAILABLE, new=RUNNING
2025-04-07T17:25:10.145Z [info] module-svc: Plugin status changed: plugin=module-league-fearless, old=UNAVAILABLE, new=RUNNING
2025-04-07T17:25:10.145Z [info] module-svc: Plugin status changed: plugin=module-league-end-of-game, old=UNAVAILABLE, new=RUNNING
2025-04-07T17:25:10.145Z [info] module-svc: Plugin status changed: plugin=module-league-champselect-ui, old=UNAVAILABLE, new=RUNNING
2025-04-07T17:25:10.145Z [info] module-svc: Plugin status changed: plugin=module-league-caster-cockpit, old=UNAVAILABLE, new=RUNNING
2025-04-07T17:25:10.146Z [info] module-svc: Plugin status changed: plugin=module-caster, old=UNAVAILABLE, new=RUNNING
2025-04-07T17:25:10.154Z [info] module-svc: Plugin status changed: plugin=plugin-webapi, old=UNAVAILABLE, new=RUNNING
2025-04-07T17:25:10.154Z [info] module-svc: Plugin status changed: plugin=module-league-state, old=UNAVAILABLE, new=RUNNING
2025-04-07T17:25:10.154Z [info] module-svc: Plugin status changed: plugin=module-league-in-game, old=UNAVAILABLE, new=RUNNING
2025-04-07T17:25:10.156Z [info] module-svc: Plugin status changed: plugin=plugin-theming, old=UNAVAILABLE, new=RUNNING
2025-04-07T17:25:10.157Z [info] module-svc: Plugin status changed: plugin=module-teams, old=UNAVAILABLE, new=RUNNING
2025-04-07T17:25:10.348Z [info] module-svc: Plugin status changed: plugin=module-league-static, old=UNAVAILABLE, new=RUNNING
2025-04-07T17:25:10.351Z [info] auth: =========================
2025-04-07T17:25:10.351Z [info] auth: Authentication is enabled
2025-04-07T17:25:10.351Z [info] auth: Admin API key: RCVPT-E34PM5D-YFE4BGM-M3AQX5H-9HB69WM
2025-04-07T17:25:10.351Z [info] auth: =========================
2025-04-07T17:25:10.355Z [info] server: Listening for requests on http://localhost:3003
2025-04-07T17:25:44.588Z [info] module-league-state: Flow: champselect - active
2025-04-07T17:25:44.593Z [info] module-league-state: Flow: champselect - game started (spectator delay)
2025-04-07T17:25:44.601Z [info] plugin-webapi: Fetching livegame data for summoner=undefined
2025-04-07T17:25:44.827Z [error] plugin-webapi: Failed to get information for summoner=undefined. Maybe this summoner does not exist? error=GenericError: Request failed with status code 400
2025-04-07T17:25:44.828Z [error] module-league-state: Loading livegame failed for summoner=undefined
2025-04-07T17:25:55.294Z [info] module-league-state: Flow: champselect - active
2025-04-07T17:27:30.666Z [info] main:  _          _       _____           _ _    _ _   
2025-04-07T17:27:30.668Z [info] main: | |    ___ | |     |_   _|__   ___ | | | _(_) |_ 
2025-04-07T17:27:30.668Z [info] main: | |   / _ \| |       | |/ _ \ / _ \| | |/ / | __|
2025-04-07T17:27:30.668Z [info] main: | |__| (_) | |___    | | (_) | (_) | |   <| | |_ 
2025-04-07T17:27:30.668Z [info] main: |_____\___/|_____|   |_|\___/ \___/|_|_|\_\_|\__|
2025-04-07T17:27:30.669Z [info] main: 
2025-04-07T17:27:31.006Z [info] lpte-svc: Initialized event bus.
2025-04-07T17:27:31.007Z [info] module-svc: Initializing module service.
2025-04-07T17:27:31.293Z [info] module-svc: Initialized 16 module(s). Now loading plugins.
2025-04-07T17:27:31.850Z [info] main: LoL Toolkit started up successfully.
2025-04-07T17:27:31.294Z [info] module-svc: Loaded 16 plugin(s).
2025-04-07T17:27:31.852Z [info] module-svc: Plugin status changed: plugin=plugin-prod-clock, old=UNAVAILABLE, new=RUNNING
2025-04-07T17:27:31.853Z [info] module-svc: Plugin status changed: plugin=plugin-database, old=UNAVAILABLE, new=RUNNING
2025-04-07T17:27:31.853Z [info] module-svc: Plugin status changed: plugin=plugin-config, old=UNAVAILABLE, new=RUNNING
2025-04-07T17:27:31.854Z [info] module-svc: Plugin status changed: plugin=module-league-runes, old=UNAVAILABLE, new=RUNNING
2025-04-07T17:27:31.855Z [info] module-svc: Plugin status changed: plugin=module-league-prm, old=UNAVAILABLE, new=RUNNING
2025-04-07T17:27:31.855Z [info] module-svc: Plugin status changed: plugin=module-league-fearless, old=UNAVAILABLE, new=RUNNING
2025-04-07T17:27:31.855Z [info] module-svc: Plugin status changed: plugin=module-league-end-of-game, old=UNAVAILABLE, new=RUNNING
2025-04-07T17:27:31.855Z [info] module-svc: Plugin status changed: plugin=module-league-champselect-ui, old=UNAVAILABLE, new=RUNNING
2025-04-07T17:27:31.855Z [info] module-svc: Plugin status changed: plugin=module-league-caster-cockpit, old=UNAVAILABLE, new=RUNNING
2025-04-07T17:27:31.857Z [info] module-svc: Plugin status changed: plugin=module-caster, old=UNAVAILABLE, new=RUNNING
2025-04-07T17:27:31.866Z [info] module-svc: Plugin status changed: plugin=plugin-webapi, old=UNAVAILABLE, new=RUNNING
2025-04-07T17:27:31.867Z [info] module-svc: Plugin status changed: plugin=module-league-state, old=UNAVAILABLE, new=RUNNING
2025-04-07T17:27:31.872Z [info] module-svc: Plugin status changed: plugin=module-league-in-game, old=UNAVAILABLE, new=RUNNING
2025-04-07T17:27:31.875Z [info] module-svc: Plugin status changed: plugin=plugin-theming, old=UNAVAILABLE, new=RUNNING
2025-04-07T17:27:31.877Z [info] module-svc: Plugin status changed: plugin=module-teams, old=UNAVAILABLE, new=RUNNING
2025-04-07T17:27:32.035Z [info] module-svc: Plugin status changed: plugin=module-league-static, old=UNAVAILABLE, new=RUNNING
2025-04-07T17:27:32.043Z [info] auth: =========================
2025-04-07T17:27:32.043Z [info] auth: Authentication is enabled
2025-04-07T17:27:32.043Z [info] auth: Admin API key: RCVPT-E34PM5D-YFE4BGM-M3AQX5H-9HB69WM
2025-04-07T17:27:32.043Z [info] auth: =========================
2025-04-07T17:27:32.048Z [info] server: Listening for requests on http://localhost:3003
2025-04-07T17:27:33.906Z [info] module-league-state: Flow: champselect - active
2025-04-07T17:27:37.379Z [info] module-league-state: Flow: champselect - active
2025-04-07T17:28:02.408Z [warn] auth: jwt expired
2025-04-07T17:28:18.571Z [info] main:  _          _       _____           _ _    _ _   
2025-04-07T17:28:18.572Z [info] main: | |    ___ | |     |_   _|__   ___ | | | _(_) |_ 
2025-04-07T17:28:18.573Z [info] main: | |   / _ \| |       | |/ _ \ / _ \| | |/ / | __|
2025-04-07T17:28:18.573Z [info] main: | |__| (_) | |___    | | (_) | (_) | |   <| | |_ 
2025-04-07T17:28:18.573Z [info] main: |_____\___/|_____|   |_|\___/ \___/|_|_|\_\_|\__|
2025-04-07T17:28:18.573Z [info] main: 
2025-04-07T17:28:18.710Z [info] lpte-svc: Initialized event bus.
2025-04-07T17:28:18.711Z [info] module-svc: Initializing module service.
2025-04-07T17:28:19.037Z [info] module-svc: Initialized 16 module(s). Now loading plugins.
2025-04-07T17:28:19.519Z [info] main: LoL Toolkit started up successfully.
2025-04-07T17:28:19.038Z [info] module-svc: Loaded 16 plugin(s).
2025-04-07T17:28:19.519Z [info] module-svc: Plugin status changed: plugin=plugin-prod-clock, old=UNAVAILABLE, new=RUNNING
2025-04-07T17:28:19.520Z [info] module-svc: Plugin status changed: plugin=plugin-database, old=UNAVAILABLE, new=RUNNING
2025-04-07T17:28:19.520Z [info] module-svc: Plugin status changed: plugin=plugin-config, old=UNAVAILABLE, new=RUNNING
2025-04-07T17:28:19.520Z [info] module-svc: Plugin status changed: plugin=module-league-runes, old=UNAVAILABLE, new=RUNNING
2025-04-07T17:28:19.521Z [info] module-svc: Plugin status changed: plugin=module-league-prm, old=UNAVAILABLE, new=RUNNING
2025-04-07T17:28:19.521Z [info] module-svc: Plugin status changed: plugin=module-league-fearless, old=UNAVAILABLE, new=RUNNING
2025-04-07T17:28:19.521Z [info] module-svc: Plugin status changed: plugin=module-league-end-of-game, old=UNAVAILABLE, new=RUNNING
2025-04-07T17:28:19.521Z [info] module-svc: Plugin status changed: plugin=module-league-champselect-ui, old=UNAVAILABLE, new=RUNNING
2025-04-07T17:28:19.521Z [info] module-svc: Plugin status changed: plugin=module-league-caster-cockpit, old=UNAVAILABLE, new=RUNNING
2025-04-07T17:28:19.522Z [info] module-svc: Plugin status changed: plugin=module-caster, old=UNAVAILABLE, new=RUNNING
2025-04-07T17:28:19.530Z [info] module-svc: Plugin status changed: plugin=plugin-webapi, old=UNAVAILABLE, new=RUNNING
2025-04-07T17:28:19.531Z [info] module-svc: Plugin status changed: plugin=module-league-state, old=UNAVAILABLE, new=RUNNING
2025-04-07T17:28:19.535Z [info] module-svc: Plugin status changed: plugin=module-league-in-game, old=UNAVAILABLE, new=RUNNING
2025-04-07T17:28:19.537Z [info] module-svc: Plugin status changed: plugin=plugin-theming, old=UNAVAILABLE, new=RUNNING
2025-04-07T17:28:19.538Z [info] module-svc: Plugin status changed: plugin=module-teams, old=UNAVAILABLE, new=RUNNING
2025-04-07T17:28:19.696Z [info] module-svc: Plugin status changed: plugin=module-league-static, old=UNAVAILABLE, new=RUNNING
2025-04-07T17:28:19.702Z [info] auth: =========================
2025-04-07T17:28:19.702Z [info] auth: Authentication is enabled
2025-04-07T17:28:19.702Z [info] auth: Admin API key: RCVPT-E34PM5D-YFE4BGM-M3AQX5H-9HB69WM
2025-04-07T17:28:19.702Z [info] auth: =========================
2025-04-07T17:28:19.705Z [info] server: Listening for requests on http://localhost:3003
2025-04-07T17:28:21.746Z [info] module-league-state: Flow: champselect - active
2025-04-07T17:28:27.625Z [info] module-league-state: Flow: champselect - active
2025-04-07T17:28:49.500Z [info] module-league-state: Flow: champselect - inactive
2025-04-07T17:30:05.499Z [warn] auth: jwt expired
2025-04-07T17:30:09.838Z [warn] auth: jwt expired
2025-04-07T17:53:39.894Z [info] plugin-webapi: Fetching match data for matchid=EUW1_7360973932
2025-04-07T17:53:40.303Z [info] plugin-webapi: Fetched match for matchId=EUW1_7360973932, gameId=7360973932
2025-04-07T17:53:40.307Z [error] lpte-svc: Uncaught error in handler:  Cannot read properties of undefined (reading 'kills')
2025-04-07T17:57:27.770Z [info] main:  _          _       _____           _ _    _ _   
2025-04-07T17:57:27.772Z [info] main: | |    ___ | |     |_   _|__   ___ | | | _(_) |_ 
2025-04-07T17:57:27.772Z [info] main: | |   / _ \| |       | |/ _ \ / _ \| | |/ / | __|
2025-04-07T17:57:27.772Z [info] main: | |__| (_) | |___    | | (_) | (_) | |   <| | |_ 
2025-04-07T17:57:27.773Z [info] main: |_____\___/|_____|   |_|\___/ \___/|_|_|\_\_|\__|
2025-04-07T17:57:27.773Z [info] main: 
2025-04-07T17:57:28.173Z [info] lpte-svc: Initialized event bus.
2025-04-07T17:57:28.173Z [info] module-svc: Initializing module service.
2025-04-07T17:57:29.947Z [info] module-svc: Initialized 16 module(s). Now loading plugins.
2025-04-07T17:57:30.574Z [info] main: LoL Toolkit started up successfully.
2025-04-07T17:57:29.947Z [info] module-svc: Loaded 16 plugin(s).
2025-04-07T17:57:30.575Z [info] module-svc: Plugin status changed: plugin=plugin-prod-clock, old=UNAVAILABLE, new=RUNNING
2025-04-07T17:57:30.576Z [info] module-svc: Plugin status changed: plugin=plugin-database, old=UNAVAILABLE, new=RUNNING
2025-04-07T17:57:30.576Z [info] module-svc: Plugin status changed: plugin=plugin-config, old=UNAVAILABLE, new=RUNNING
2025-04-07T17:57:30.577Z [info] module-svc: Plugin status changed: plugin=module-league-runes, old=UNAVAILABLE, new=RUNNING
2025-04-07T17:57:30.577Z [info] module-svc: Plugin status changed: plugin=module-league-prm, old=UNAVAILABLE, new=RUNNING
2025-04-07T17:57:30.577Z [info] module-svc: Plugin status changed: plugin=module-league-fearless, old=UNAVAILABLE, new=RUNNING
2025-04-07T17:57:30.577Z [info] module-svc: Plugin status changed: plugin=module-league-end-of-game, old=UNAVAILABLE, new=RUNNING
2025-04-07T17:57:30.578Z [info] module-svc: Plugin status changed: plugin=module-league-champselect-ui, old=UNAVAILABLE, new=RUNNING
2025-04-07T17:57:30.578Z [info] module-svc: Plugin status changed: plugin=module-league-caster-cockpit, old=UNAVAILABLE, new=RUNNING
2025-04-07T17:57:30.580Z [info] module-svc: Plugin status changed: plugin=module-caster, old=UNAVAILABLE, new=RUNNING
2025-04-07T17:57:30.592Z [info] module-svc: Plugin status changed: plugin=plugin-webapi, old=UNAVAILABLE, new=RUNNING
2025-04-07T17:57:30.593Z [info] module-svc: Plugin status changed: plugin=module-league-state, old=UNAVAILABLE, new=RUNNING
2025-04-07T17:57:30.593Z [info] module-svc: Plugin status changed: plugin=module-league-in-game, old=UNAVAILABLE, new=RUNNING
2025-04-07T17:57:30.597Z [info] module-svc: Plugin status changed: plugin=plugin-theming, old=UNAVAILABLE, new=RUNNING
2025-04-07T17:57:30.598Z [info] module-svc: Plugin status changed: plugin=module-teams, old=UNAVAILABLE, new=RUNNING
2025-04-07T17:57:30.770Z [info] module-svc: Plugin status changed: plugin=module-league-static, old=UNAVAILABLE, new=RUNNING
2025-04-07T17:57:30.773Z [info] auth: =========================
2025-04-07T17:57:30.773Z [info] auth: Authentication is enabled
2025-04-07T17:57:30.774Z [info] auth: Admin API key: RCVPT-E34PM5D-YFE4BGM-M3AQX5H-9HB69WM
2025-04-07T17:57:30.774Z [info] auth: =========================
2025-04-07T17:57:30.780Z [info] server: Listening for requests on http://localhost:3003
2025-04-07T18:19:46.261Z [info] plugin-webapi: Fetching match data for matchid=EUW1_7360982643
2025-04-07T18:19:46.983Z [info] plugin-webapi: Fetched match for matchId=EUW1_7360982643, gameId=7360982643
2025-04-07T18:19:46.988Z [error] lpte-svc: Uncaught error in handler:  Cannot read properties of undefined (reading 'kills')
2025-04-07T18:20:54.861Z [info] plugin-webapi: Fetching match data for matchid=EUW1_7360982643
2025-04-07T18:20:55.533Z [info] plugin-webapi: Fetched match for matchId=EUW1_7360982643, gameId=7360982643
2025-04-07T18:20:55.538Z [error] lpte-svc: Uncaught error in handler:  Cannot read properties of undefined (reading 'kills')
2025-04-07T18:21:06.654Z [info] main:  _          _       _____           _ _    _ _   
2025-04-07T18:21:06.656Z [info] main: | |    ___ | |     |_   _|__   ___ | | | _(_) |_ 
2025-04-07T18:21:06.656Z [info] main: | |   / _ \| |       | |/ _ \ / _ \| | |/ / | __|
2025-04-07T18:21:06.656Z [info] main: | |__| (_) | |___    | | (_) | (_) | |   <| | |_ 
2025-04-07T18:21:06.657Z [info] main: |_____\___/|_____|   |_|\___/ \___/|_|_|\_\_|\__|
2025-04-07T18:21:06.657Z [info] main: 
2025-04-07T18:21:07.010Z [info] lpte-svc: Initialized event bus.
2025-04-07T18:21:07.010Z [info] module-svc: Initializing module service.
2025-04-07T18:21:08.650Z [info] module-svc: Initialized 16 module(s). Now loading plugins.
2025-04-07T18:21:09.203Z [info] main: LoL Toolkit started up successfully.
2025-04-07T18:21:08.650Z [info] module-svc: Loaded 16 plugin(s).
2025-04-07T18:21:09.204Z [info] module-svc: Plugin status changed: plugin=plugin-prod-clock, old=UNAVAILABLE, new=RUNNING
2025-04-07T18:21:09.204Z [info] module-svc: Plugin status changed: plugin=plugin-database, old=UNAVAILABLE, new=RUNNING
2025-04-07T18:21:09.204Z [info] module-svc: Plugin status changed: plugin=plugin-config, old=UNAVAILABLE, new=RUNNING
2025-04-07T18:21:09.206Z [info] module-svc: Plugin status changed: plugin=module-league-runes, old=UNAVAILABLE, new=RUNNING
2025-04-07T18:21:09.206Z [info] module-svc: Plugin status changed: plugin=module-league-prm, old=UNAVAILABLE, new=RUNNING
2025-04-07T18:21:09.206Z [info] module-svc: Plugin status changed: plugin=module-league-fearless, old=UNAVAILABLE, new=RUNNING
2025-04-07T18:21:09.207Z [info] module-svc: Plugin status changed: plugin=module-league-end-of-game, old=UNAVAILABLE, new=RUNNING
2025-04-07T18:21:09.207Z [info] module-svc: Plugin status changed: plugin=module-league-champselect-ui, old=UNAVAILABLE, new=RUNNING
2025-04-07T18:21:09.207Z [info] module-svc: Plugin status changed: plugin=module-league-caster-cockpit, old=UNAVAILABLE, new=RUNNING
2025-04-07T18:21:09.209Z [info] module-svc: Plugin status changed: plugin=module-caster, old=UNAVAILABLE, new=RUNNING
2025-04-07T18:21:09.221Z [info] module-svc: Plugin status changed: plugin=plugin-webapi, old=UNAVAILABLE, new=RUNNING
2025-04-07T18:21:09.222Z [info] module-svc: Plugin status changed: plugin=module-league-state, old=UNAVAILABLE, new=RUNNING
2025-04-07T18:21:09.222Z [info] module-svc: Plugin status changed: plugin=module-league-in-game, old=UNAVAILABLE, new=RUNNING
2025-04-07T18:21:09.224Z [info] module-svc: Plugin status changed: plugin=plugin-theming, old=UNAVAILABLE, new=RUNNING
2025-04-07T18:21:09.225Z [info] module-svc: Plugin status changed: plugin=module-teams, old=UNAVAILABLE, new=RUNNING
2025-04-07T18:21:09.396Z [info] module-svc: Plugin status changed: plugin=module-league-static, old=UNAVAILABLE, new=RUNNING
2025-04-07T18:21:09.404Z [info] auth: =========================
2025-04-07T18:21:09.404Z [info] auth: Authentication is enabled
2025-04-07T18:21:09.404Z [info] auth: Admin API key: RCVPT-E34PM5D-YFE4BGM-M3AQX5H-9HB69WM
2025-04-07T18:21:09.405Z [info] auth: =========================
2025-04-07T18:21:09.412Z [info] server: Listening for requests on http://localhost:3003
2025-04-07T18:21:10.553Z [info] plugin-webapi: Fetching match data for matchid=EUW1_7360982643
2025-04-07T18:21:11.090Z [info] plugin-webapi: Fetched match for matchId=EUW1_7360982643, gameId=7360982643
2025-04-07T18:21:11.093Z [error] lpte-svc: Uncaught error in handler:  riftherald is not defined
2025-04-07T18:21:12.321Z [info] plugin-webapi: Fetching match data for matchid=EUW1_7360982643
2025-04-07T18:21:12.755Z [info] plugin-webapi: Fetched match for matchId=EUW1_7360982643, gameId=7360982643
2025-04-07T18:21:12.758Z [error] lpte-svc: Uncaught error in handler:  riftherald is not defined
2025-04-07T18:21:24.307Z [info] plugin-webapi: Fetching match data for matchid=EUW1_7360982643
2025-04-07T18:21:24.857Z [info] plugin-webapi: Fetched match for matchId=EUW1_7360982643, gameId=7360982643
2025-04-07T18:21:24.861Z [error] lpte-svc: Uncaught error in handler:  riftherald is not defined
2025-04-07T18:21:33.248Z [info] main:  _          _       _____           _ _    _ _   
2025-04-07T18:21:33.249Z [info] main: | |    ___ | |     |_   _|__   ___ | | | _(_) |_ 
2025-04-07T18:21:33.250Z [info] main: | |   / _ \| |       | |/ _ \ / _ \| | |/ / | __|
2025-04-07T18:21:33.250Z [info] main: | |__| (_) | |___    | | (_) | (_) | |   <| | |_ 
2025-04-07T18:21:33.250Z [info] main: |_____\___/|_____|   |_|\___/ \___/|_|_|\_\_|\__|
2025-04-07T18:21:33.250Z [info] main: 
2025-04-07T18:21:33.638Z [info] lpte-svc: Initialized event bus.
2025-04-07T18:21:33.639Z [info] module-svc: Initializing module service.
2025-04-07T18:21:34.981Z [info] module-svc: Initialized 16 module(s). Now loading plugins.
2025-04-07T18:21:35.554Z [info] main: LoL Toolkit started up successfully.
2025-04-07T18:21:34.981Z [info] module-svc: Loaded 16 plugin(s).
2025-04-07T18:21:35.555Z [info] module-svc: Plugin status changed: plugin=plugin-prod-clock, old=UNAVAILABLE, new=RUNNING
2025-04-07T18:21:35.556Z [info] module-svc: Plugin status changed: plugin=plugin-database, old=UNAVAILABLE, new=RUNNING
2025-04-07T18:21:35.556Z [info] module-svc: Plugin status changed: plugin=plugin-config, old=UNAVAILABLE, new=RUNNING
2025-04-07T18:21:35.557Z [info] module-svc: Plugin status changed: plugin=module-league-runes, old=UNAVAILABLE, new=RUNNING
2025-04-07T18:21:35.558Z [info] module-svc: Plugin status changed: plugin=module-league-prm, old=UNAVAILABLE, new=RUNNING
2025-04-07T18:21:35.558Z [info] module-svc: Plugin status changed: plugin=module-league-fearless, old=UNAVAILABLE, new=RUNNING
2025-04-07T18:21:35.558Z [info] module-svc: Plugin status changed: plugin=module-league-end-of-game, old=UNAVAILABLE, new=RUNNING
2025-04-07T18:21:35.558Z [info] module-svc: Plugin status changed: plugin=module-league-champselect-ui, old=UNAVAILABLE, new=RUNNING
2025-04-07T18:21:35.558Z [info] module-svc: Plugin status changed: plugin=module-league-caster-cockpit, old=UNAVAILABLE, new=RUNNING
2025-04-07T18:21:35.560Z [info] module-svc: Plugin status changed: plugin=module-caster, old=UNAVAILABLE, new=RUNNING
2025-04-07T18:21:35.569Z [info] module-svc: Plugin status changed: plugin=plugin-webapi, old=UNAVAILABLE, new=RUNNING
2025-04-07T18:21:35.570Z [info] module-svc: Plugin status changed: plugin=module-league-state, old=UNAVAILABLE, new=RUNNING
2025-04-07T18:21:35.570Z [info] module-svc: Plugin status changed: plugin=module-league-in-game, old=UNAVAILABLE, new=RUNNING
2025-04-07T18:21:35.576Z [info] module-svc: Plugin status changed: plugin=plugin-theming, old=UNAVAILABLE, new=RUNNING
2025-04-07T18:21:35.580Z [info] module-svc: Plugin status changed: plugin=module-teams, old=UNAVAILABLE, new=RUNNING
2025-04-07T18:21:35.734Z [info] module-svc: Plugin status changed: plugin=module-league-static, old=UNAVAILABLE, new=RUNNING
2025-04-07T18:21:35.737Z [info] auth: =========================
2025-04-07T18:21:35.738Z [info] auth: Authentication is enabled
2025-04-07T18:21:35.739Z [info] auth: Admin API key: RCVPT-E34PM5D-YFE4BGM-M3AQX5H-9HB69WM
2025-04-07T18:21:35.740Z [info] auth: =========================
2025-04-07T18:21:35.745Z [info] server: Listening for requests on http://localhost:3003
2025-04-07T18:21:38.461Z [info] plugin-webapi: Fetching match data for matchid=EUW1_7360982643
2025-04-07T18:21:38.984Z [info] plugin-webapi: Fetched match for matchId=EUW1_7360982643, gameId=7360982643
2025-04-07T18:22:39.587Z [info] main:  _          _       _____           _ _    _ _   
2025-04-07T18:22:39.589Z [info] main: | |    ___ | |     |_   _|__   ___ | | | _(_) |_ 
2025-04-07T18:22:39.589Z [info] main: | |   / _ \| |       | |/ _ \ / _ \| | |/ / | __|
2025-04-07T18:22:39.590Z [info] main: | |__| (_) | |___    | | (_) | (_) | |   <| | |_ 
2025-04-07T18:22:39.590Z [info] main: |_____\___/|_____|   |_|\___/ \___/|_|_|\_\_|\__|
2025-04-07T18:22:39.590Z [info] main: 
2025-04-07T18:22:39.730Z [info] lpte-svc: Initialized event bus.
2025-04-07T18:22:39.730Z [info] module-svc: Initializing module service.
2025-04-07T18:22:40.062Z [info] module-svc: Initialized 16 module(s). Now loading plugins.
2025-04-07T18:22:40.656Z [info] main: LoL Toolkit started up successfully.
2025-04-07T18:22:40.063Z [info] module-svc: Loaded 16 plugin(s).
2025-04-07T18:22:40.657Z [info] module-svc: Plugin status changed: plugin=plugin-prod-clock, old=UNAVAILABLE, new=RUNNING
2025-04-07T18:22:40.657Z [info] module-svc: Plugin status changed: plugin=plugin-database, old=UNAVAILABLE, new=RUNNING
2025-04-07T18:22:40.657Z [info] module-svc: Plugin status changed: plugin=plugin-config, old=UNAVAILABLE, new=RUNNING
2025-04-07T18:22:40.659Z [info] module-svc: Plugin status changed: plugin=module-league-runes, old=UNAVAILABLE, new=RUNNING
2025-04-07T18:22:40.659Z [info] module-svc: Plugin status changed: plugin=module-league-prm, old=UNAVAILABLE, new=RUNNING
2025-04-07T18:22:40.659Z [info] module-svc: Plugin status changed: plugin=module-league-fearless, old=UNAVAILABLE, new=RUNNING
2025-04-07T18:22:40.659Z [info] module-svc: Plugin status changed: plugin=module-league-end-of-game, old=UNAVAILABLE, new=RUNNING
2025-04-07T18:22:40.659Z [info] module-svc: Plugin status changed: plugin=module-league-champselect-ui, old=UNAVAILABLE, new=RUNNING
2025-04-07T18:22:40.660Z [info] module-svc: Plugin status changed: plugin=module-league-caster-cockpit, old=UNAVAILABLE, new=RUNNING
2025-04-07T18:22:40.660Z [info] module-svc: Plugin status changed: plugin=module-caster, old=UNAVAILABLE, new=RUNNING
2025-04-07T18:22:40.669Z [info] module-svc: Plugin status changed: plugin=plugin-webapi, old=UNAVAILABLE, new=RUNNING
2025-04-07T18:22:40.670Z [info] module-svc: Plugin status changed: plugin=module-league-state, old=UNAVAILABLE, new=RUNNING
2025-04-07T18:22:40.674Z [info] module-svc: Plugin status changed: plugin=module-league-in-game, old=UNAVAILABLE, new=RUNNING
2025-04-07T18:22:40.677Z [info] module-svc: Plugin status changed: plugin=plugin-theming, old=UNAVAILABLE, new=RUNNING
2025-04-07T18:22:40.679Z [info] module-svc: Plugin status changed: plugin=module-teams, old=UNAVAILABLE, new=RUNNING
2025-04-07T18:22:40.846Z [info] module-svc: Plugin status changed: plugin=module-league-static, old=UNAVAILABLE, new=RUNNING
2025-04-07T18:22:40.849Z [info] auth: =========================
2025-04-07T18:22:40.849Z [info] auth: Authentication is enabled
2025-04-07T18:22:40.849Z [info] auth: Admin API key: RCVPT-E34PM5D-YFE4BGM-M3AQX5H-9HB69WM
2025-04-07T18:22:40.849Z [info] auth: =========================
2025-04-07T18:22:40.853Z [info] server: Listening for requests on http://localhost:3003
2025-04-07T18:22:44.266Z [info] plugin-webapi: Fetching match data for matchid=EUW1_7360982643
2025-04-07T18:22:44.867Z [info] plugin-webapi: Fetched match for matchId=EUW1_7360982643, gameId=7360982643
2025-04-07T18:23:03.979Z [info] plugin-webapi: Fetching match data for matchid=EUW1_7360982643
2025-04-07T18:23:04.535Z [info] plugin-webapi: Fetched match for matchId=EUW1_7360982643, gameId=7360982643
2025-04-07T18:26:35.475Z [info] plugin-webapi: Fetching match data for matchid=EUW1_7360982643
2025-04-07T18:26:36.067Z [info] plugin-webapi: Fetched match for matchId=EUW1_7360982643, gameId=7360982643
2025-04-07T18:27:00.125Z [info] main:  _          _       _____           _ _    _ _   
2025-04-07T18:27:00.126Z [info] main: | |    ___ | |     |_   _|__   ___ | | | _(_) |_ 
2025-04-07T18:27:00.127Z [info] main: | |   / _ \| |       | |/ _ \ / _ \| | |/ / | __|
2025-04-07T18:27:00.127Z [info] main: | |__| (_) | |___    | | (_) | (_) | |   <| | |_ 
2025-04-07T18:27:00.127Z [info] main: |_____\___/|_____|   |_|\___/ \___/|_|_|\_\_|\__|
2025-04-07T18:27:00.127Z [info] main: 
2025-04-07T18:27:00.350Z [info] lpte-svc: Initialized event bus.
2025-04-07T18:27:00.351Z [info] module-svc: Initializing module service.
2025-04-07T18:27:00.696Z [info] module-svc: Initialized 16 module(s). Now loading plugins.
2025-04-07T18:27:01.291Z [info] main: LoL Toolkit started up successfully.
2025-04-07T18:27:00.696Z [info] module-svc: Loaded 16 plugin(s).
2025-04-07T18:27:01.292Z [info] module-svc: Plugin status changed: plugin=plugin-prod-clock, old=UNAVAILABLE, new=RUNNING
2025-04-07T18:27:01.293Z [info] module-svc: Plugin status changed: plugin=plugin-database, old=UNAVAILABLE, new=RUNNING
2025-04-07T18:27:01.293Z [info] module-svc: Plugin status changed: plugin=plugin-config, old=UNAVAILABLE, new=RUNNING
2025-04-07T18:27:01.293Z [info] module-svc: Plugin status changed: plugin=module-league-runes, old=UNAVAILABLE, new=RUNNING
2025-04-07T18:27:01.294Z [info] module-svc: Plugin status changed: plugin=module-league-prm, old=UNAVAILABLE, new=RUNNING
2025-04-07T18:27:01.294Z [info] module-svc: Plugin status changed: plugin=module-league-fearless, old=UNAVAILABLE, new=RUNNING
2025-04-07T18:27:01.294Z [info] module-svc: Plugin status changed: plugin=module-league-end-of-game, old=UNAVAILABLE, new=RUNNING
2025-04-07T18:27:01.294Z [info] module-svc: Plugin status changed: plugin=module-league-champselect-ui, old=UNAVAILABLE, new=RUNNING
2025-04-07T18:27:01.295Z [info] module-svc: Plugin status changed: plugin=module-league-caster-cockpit, old=UNAVAILABLE, new=RUNNING
2025-04-07T18:27:01.295Z [info] module-svc: Plugin status changed: plugin=module-caster, old=UNAVAILABLE, new=RUNNING
2025-04-07T18:27:01.304Z [info] module-svc: Plugin status changed: plugin=plugin-webapi, old=UNAVAILABLE, new=RUNNING
2025-04-07T18:27:01.304Z [info] module-svc: Plugin status changed: plugin=module-league-state, old=UNAVAILABLE, new=RUNNING
2025-04-07T18:27:01.304Z [info] module-svc: Plugin status changed: plugin=module-league-in-game, old=UNAVAILABLE, new=RUNNING
2025-04-07T18:27:01.310Z [info] module-svc: Plugin status changed: plugin=module-teams, old=UNAVAILABLE, new=RUNNING
2025-04-07T18:27:01.311Z [info] module-svc: Plugin status changed: plugin=plugin-theming, old=UNAVAILABLE, new=RUNNING
2025-04-07T18:27:01.497Z [info] module-svc: Plugin status changed: plugin=module-league-static, old=UNAVAILABLE, new=RUNNING
2025-04-07T18:27:01.501Z [info] auth: =========================
2025-04-07T18:27:01.501Z [info] auth: Authentication is enabled
2025-04-07T18:27:01.501Z [info] auth: Admin API key: RCVPT-E34PM5D-YFE4BGM-M3AQX5H-9HB69WM
2025-04-07T18:27:01.501Z [info] auth: =========================
2025-04-07T18:27:01.508Z [info] server: Listening for requests on http://localhost:3003
2025-04-07T18:27:04.454Z [info] plugin-webapi: Fetching match data for matchid=EUW1_7360982643
2025-04-07T18:27:05.088Z [info] plugin-webapi: Fetched match for matchId=EUW1_7360982643, gameId=7360982643
2025-04-07T18:27:06.896Z [info] plugin-webapi: Fetching match data for matchid=EUW1_7360982643
2025-04-07T18:27:07.377Z [info] plugin-webapi: Fetched match for matchId=EUW1_7360982643, gameId=7360982643
2025-04-07T18:27:15.063Z [info] plugin-webapi: Fetching match data for matchid=EUW1_7360982643
2025-04-07T18:27:15.519Z [info] plugin-webapi: Fetched match for matchId=EUW1_7360982643, gameId=7360982643
2025-04-07T18:29:15.155Z [info] main:  _          _       _____           _ _    _ _   
2025-04-07T18:29:15.157Z [info] main: | |    ___ | |     |_   _|__   ___ | | | _(_) |_ 
2025-04-07T18:29:15.157Z [info] main: | |   / _ \| |       | |/ _ \ / _ \| | |/ / | __|
2025-04-07T18:29:15.157Z [info] main: | |__| (_) | |___    | | (_) | (_) | |   <| | |_ 
2025-04-07T18:29:15.157Z [info] main: |_____\___/|_____|   |_|\___/ \___/|_|_|\_\_|\__|
2025-04-07T18:29:15.158Z [info] main: 
2025-04-07T18:29:15.284Z [info] lpte-svc: Initialized event bus.
2025-04-07T18:29:15.284Z [info] module-svc: Initializing module service.
2025-04-07T18:29:15.665Z [info] module-svc: Initialized 16 module(s). Now loading plugins.
2025-04-07T18:29:16.258Z [info] main: LoL Toolkit started up successfully.
2025-04-07T18:29:15.666Z [info] module-svc: Loaded 16 plugin(s).
2025-04-07T18:29:16.260Z [info] module-svc: Plugin status changed: plugin=plugin-prod-clock, old=UNAVAILABLE, new=RUNNING
2025-04-07T18:29:16.260Z [info] module-svc: Plugin status changed: plugin=plugin-database, old=UNAVAILABLE, new=RUNNING
2025-04-07T18:29:16.260Z [info] module-svc: Plugin status changed: plugin=plugin-config, old=UNAVAILABLE, new=RUNNING
2025-04-07T18:29:16.261Z [info] module-svc: Plugin status changed: plugin=module-league-runes, old=UNAVAILABLE, new=RUNNING
2025-04-07T18:29:16.273Z [info] module-svc: Plugin status changed: plugin=module-league-prm, old=UNAVAILABLE, new=RUNNING
2025-04-07T18:29:16.273Z [info] module-svc: Plugin status changed: plugin=module-league-fearless, old=UNAVAILABLE, new=RUNNING
2025-04-07T18:29:16.274Z [info] module-svc: Plugin status changed: plugin=module-league-end-of-game, old=UNAVAILABLE, new=RUNNING
2025-04-07T18:29:16.274Z [info] module-svc: Plugin status changed: plugin=module-league-champselect-ui, old=UNAVAILABLE, new=RUNNING
2025-04-07T18:29:16.274Z [info] module-svc: Plugin status changed: plugin=module-league-caster-cockpit, old=UNAVAILABLE, new=RUNNING
2025-04-07T18:29:16.274Z [info] module-svc: Plugin status changed: plugin=module-caster, old=UNAVAILABLE, new=RUNNING
2025-04-07T18:29:16.292Z [info] module-svc: Plugin status changed: plugin=plugin-webapi, old=UNAVAILABLE, new=RUNNING
2025-04-07T18:29:16.292Z [info] module-svc: Plugin status changed: plugin=module-league-state, old=UNAVAILABLE, new=RUNNING
2025-04-07T18:29:16.293Z [info] module-svc: Plugin status changed: plugin=module-league-in-game, old=UNAVAILABLE, new=RUNNING
2025-04-07T18:29:16.296Z [info] module-svc: Plugin status changed: plugin=plugin-theming, old=UNAVAILABLE, new=RUNNING
2025-04-07T18:29:16.298Z [info] module-svc: Plugin status changed: plugin=module-teams, old=UNAVAILABLE, new=RUNNING
2025-04-07T18:29:16.466Z [info] module-svc: Plugin status changed: plugin=module-league-static, old=UNAVAILABLE, new=RUNNING
2025-04-07T18:29:16.499Z [info] auth: =========================
2025-04-07T18:29:16.500Z [info] auth: Authentication is enabled
2025-04-07T18:29:16.500Z [info] auth: Admin API key: RCVPT-E34PM5D-YFE4BGM-M3AQX5H-9HB69WM
2025-04-07T18:29:16.500Z [info] auth: =========================
2025-04-07T18:29:16.505Z [info] server: Listening for requests on http://localhost:3003
2025-04-07T18:29:19.585Z [info] plugin-webapi: Fetching match data for matchid=EUW1_7360982643
2025-04-07T18:29:20.156Z [info] plugin-webapi: Fetched match for matchId=EUW1_7360982643, gameId=7360982643
2025-04-07T18:31:10.391Z [info] main:  _          _       _____           _ _    _ _   
2025-04-07T18:31:10.392Z [info] main: | |    ___ | |     |_   _|__   ___ | | | _(_) |_ 
2025-04-07T18:31:10.393Z [info] main: | |   / _ \| |       | |/ _ \ / _ \| | |/ / | __|
2025-04-07T18:31:10.393Z [info] main: | |__| (_) | |___    | | (_) | (_) | |   <| | |_ 
2025-04-07T18:31:10.393Z [info] main: |_____\___/|_____|   |_|\___/ \___/|_|_|\_\_|\__|
2025-04-07T18:31:10.393Z [info] main: 
2025-04-07T18:31:10.553Z [info] lpte-svc: Initialized event bus.
2025-04-07T18:31:10.554Z [info] module-svc: Initializing module service.
2025-04-07T18:31:10.873Z [info] module-svc: Initialized 16 module(s). Now loading plugins.
2025-04-07T18:31:11.394Z [info] main: LoL Toolkit started up successfully.
2025-04-07T18:31:10.873Z [info] module-svc: Loaded 16 plugin(s).
2025-04-07T18:31:11.396Z [info] module-svc: Plugin status changed: plugin=plugin-prod-clock, old=UNAVAILABLE, new=RUNNING
2025-04-07T18:31:11.396Z [info] module-svc: Plugin status changed: plugin=plugin-database, old=UNAVAILABLE, new=RUNNING
2025-04-07T18:31:11.396Z [info] module-svc: Plugin status changed: plugin=plugin-config, old=UNAVAILABLE, new=RUNNING
2025-04-07T18:31:11.397Z [info] module-svc: Plugin status changed: plugin=module-league-runes, old=UNAVAILABLE, new=RUNNING
2025-04-07T18:31:11.397Z [info] module-svc: Plugin status changed: plugin=module-league-prm, old=UNAVAILABLE, new=RUNNING
2025-04-07T18:31:11.397Z [info] module-svc: Plugin status changed: plugin=module-league-fearless, old=UNAVAILABLE, new=RUNNING
2025-04-07T18:31:11.397Z [info] module-svc: Plugin status changed: plugin=module-league-end-of-game, old=UNAVAILABLE, new=RUNNING
2025-04-07T18:31:11.397Z [info] module-svc: Plugin status changed: plugin=module-league-champselect-ui, old=UNAVAILABLE, new=RUNNING
2025-04-07T18:31:11.398Z [info] module-svc: Plugin status changed: plugin=module-league-caster-cockpit, old=UNAVAILABLE, new=RUNNING
2025-04-07T18:31:11.398Z [info] module-svc: Plugin status changed: plugin=module-caster, old=UNAVAILABLE, new=RUNNING
2025-04-07T18:31:11.406Z [info] module-svc: Plugin status changed: plugin=plugin-webapi, old=UNAVAILABLE, new=RUNNING
2025-04-07T18:31:11.406Z [info] module-svc: Plugin status changed: plugin=module-league-state, old=UNAVAILABLE, new=RUNNING
2025-04-07T18:31:11.410Z [info] module-svc: Plugin status changed: plugin=module-league-in-game, old=UNAVAILABLE, new=RUNNING
2025-04-07T18:31:11.412Z [info] module-svc: Plugin status changed: plugin=plugin-theming, old=UNAVAILABLE, new=RUNNING
2025-04-07T18:31:11.414Z [info] module-svc: Plugin status changed: plugin=module-teams, old=UNAVAILABLE, new=RUNNING
2025-04-07T18:31:11.581Z [info] module-svc: Plugin status changed: plugin=module-league-static, old=UNAVAILABLE, new=RUNNING
2025-04-07T18:31:11.585Z [info] auth: =========================
2025-04-07T18:31:11.585Z [info] auth: Authentication is enabled
2025-04-07T18:31:11.585Z [info] auth: Admin API key: RCVPT-E34PM5D-YFE4BGM-M3AQX5H-9HB69WM
2025-04-07T18:31:11.585Z [info] auth: =========================
2025-04-07T18:31:11.590Z [info] server: Listening for requests on http://localhost:3003
2025-04-07T18:31:15.625Z [info] plugin-webapi: Fetching match data for matchid=EUW1_7360982643
2025-04-07T18:31:16.220Z [info] plugin-webapi: Fetched match for matchId=EUW1_7360982643, gameId=7360982643
2025-04-07T18:35:27.277Z [info] main:  _          _       _____           _ _    _ _   
2025-04-07T18:35:27.280Z [info] main: | |    ___ | |     |_   _|__   ___ | | | _(_) |_ 
2025-04-07T18:35:27.280Z [info] main: | |   / _ \| |       | |/ _ \ / _ \| | |/ / | __|
2025-04-07T18:35:27.280Z [info] main: | |__| (_) | |___    | | (_) | (_) | |   <| | |_ 
2025-04-07T18:35:27.280Z [info] main: |_____\___/|_____|   |_|\___/ \___/|_|_|\_\_|\__|
2025-04-07T18:35:27.281Z [info] main: 
2025-04-07T18:35:27.665Z [info] lpte-svc: Initialized event bus.
2025-04-07T18:35:27.666Z [info] module-svc: Initializing module service.
2025-04-07T18:35:29.063Z [info] module-svc: Initialized 16 module(s). Now loading plugins.
2025-04-07T18:35:29.673Z [info] main: LoL Toolkit started up successfully.
2025-04-07T18:35:29.063Z [info] module-svc: Loaded 16 plugin(s).
2025-04-07T18:35:29.674Z [info] module-svc: Plugin status changed: plugin=plugin-prod-clock, old=UNAVAILABLE, new=RUNNING
2025-04-07T18:35:29.674Z [info] module-svc: Plugin status changed: plugin=plugin-database, old=UNAVAILABLE, new=RUNNING
2025-04-07T18:35:29.674Z [info] module-svc: Plugin status changed: plugin=plugin-config, old=UNAVAILABLE, new=RUNNING
2025-04-07T18:35:29.676Z [info] module-svc: Plugin status changed: plugin=module-league-runes, old=UNAVAILABLE, new=RUNNING
2025-04-07T18:35:29.676Z [info] module-svc: Plugin status changed: plugin=module-league-prm, old=UNAVAILABLE, new=RUNNING
2025-04-07T18:35:29.676Z [info] module-svc: Plugin status changed: plugin=module-league-fearless, old=UNAVAILABLE, new=RUNNING
2025-04-07T18:35:29.677Z [info] module-svc: Plugin status changed: plugin=module-league-end-of-game, old=UNAVAILABLE, new=RUNNING
2025-04-07T18:35:29.677Z [info] module-svc: Plugin status changed: plugin=module-league-champselect-ui, old=UNAVAILABLE, new=RUNNING
2025-04-07T18:35:29.677Z [info] module-svc: Plugin status changed: plugin=module-league-caster-cockpit, old=UNAVAILABLE, new=RUNNING
2025-04-07T18:35:29.677Z [info] module-svc: Plugin status changed: plugin=module-caster, old=UNAVAILABLE, new=RUNNING
2025-04-07T18:35:29.694Z [info] module-svc: Plugin status changed: plugin=plugin-webapi, old=UNAVAILABLE, new=RUNNING
2025-04-07T18:35:29.694Z [info] module-svc: Plugin status changed: plugin=module-league-state, old=UNAVAILABLE, new=RUNNING
2025-04-07T18:35:29.695Z [info] module-svc: Plugin status changed: plugin=module-league-in-game, old=UNAVAILABLE, new=RUNNING
2025-04-07T18:35:29.698Z [info] module-svc: Plugin status changed: plugin=plugin-theming, old=UNAVAILABLE, new=RUNNING
2025-04-07T18:35:29.698Z [info] module-svc: Plugin status changed: plugin=module-teams, old=UNAVAILABLE, new=RUNNING
2025-04-07T18:35:29.869Z [info] module-svc: Plugin status changed: plugin=module-league-static, old=UNAVAILABLE, new=RUNNING
2025-04-07T18:35:29.873Z [info] auth: =========================
2025-04-07T18:35:29.873Z [info] auth: Authentication is enabled
2025-04-07T18:35:29.873Z [info] auth: Admin API key: RCVPT-E34PM5D-YFE4BGM-M3AQX5H-9HB69WM
2025-04-07T18:35:29.873Z [info] auth: =========================
2025-04-07T18:35:29.879Z [info] server: Listening for requests on http://localhost:3003
2025-04-07T18:35:33.726Z [info] plugin-webapi: Fetching match data for matchid=EUW1_7360982643
2025-04-07T18:35:34.486Z [info] plugin-webapi: Fetched match for matchId=EUW1_7360982643, gameId=7360982643
2025-04-07T18:36:05.479Z [info] plugin-webapi: Fetching match data for matchid=EUW1_7360982643
2025-04-07T18:36:06.062Z [info] plugin-webapi: Fetched match for matchId=EUW1_7360982643, gameId=7360982643
2025-04-07T18:38:56.229Z [info] main:  _          _       _____           _ _    _ _   
2025-04-07T18:38:56.230Z [info] main: | |    ___ | |     |_   _|__   ___ | | | _(_) |_ 
2025-04-07T18:38:56.231Z [info] main: | |   / _ \| |       | |/ _ \ / _ \| | |/ / | __|
2025-04-07T18:38:56.231Z [info] main: | |__| (_) | |___    | | (_) | (_) | |   <| | |_ 
2025-04-07T18:38:56.231Z [info] main: |_____\___/|_____|   |_|\___/ \___/|_|_|\_\_|\__|
2025-04-07T18:38:56.231Z [info] main: 
2025-04-07T18:38:56.366Z [info] lpte-svc: Initialized event bus.
2025-04-07T18:38:56.366Z [info] module-svc: Initializing module service.
2025-04-07T18:38:56.676Z [info] module-svc: Initialized 16 module(s). Now loading plugins.
2025-04-07T18:38:57.246Z [info] main: LoL Toolkit started up successfully.
2025-04-07T18:38:56.677Z [info] module-svc: Loaded 16 plugin(s).
2025-04-07T18:38:57.247Z [info] module-svc: Plugin status changed: plugin=plugin-prod-clock, old=UNAVAILABLE, new=RUNNING
2025-04-07T18:38:57.247Z [info] module-svc: Plugin status changed: plugin=plugin-database, old=UNAVAILABLE, new=RUNNING
2025-04-07T18:38:57.247Z [info] module-svc: Plugin status changed: plugin=plugin-config, old=UNAVAILABLE, new=RUNNING
2025-04-07T18:38:57.248Z [info] module-svc: Plugin status changed: plugin=module-league-runes, old=UNAVAILABLE, new=RUNNING
2025-04-07T18:38:57.248Z [info] module-svc: Plugin status changed: plugin=module-league-prm, old=UNAVAILABLE, new=RUNNING
2025-04-07T18:38:57.249Z [info] module-svc: Plugin status changed: plugin=module-league-fearless, old=UNAVAILABLE, new=RUNNING
2025-04-07T18:38:57.249Z [info] module-svc: Plugin status changed: plugin=module-league-end-of-game, old=UNAVAILABLE, new=RUNNING
2025-04-07T18:38:57.249Z [info] module-svc: Plugin status changed: plugin=module-league-champselect-ui, old=UNAVAILABLE, new=RUNNING
2025-04-07T18:38:57.249Z [info] module-svc: Plugin status changed: plugin=module-league-caster-cockpit, old=UNAVAILABLE, new=RUNNING
2025-04-07T18:38:57.249Z [info] module-svc: Plugin status changed: plugin=module-caster, old=UNAVAILABLE, new=RUNNING
2025-04-07T18:38:57.258Z [info] module-svc: Plugin status changed: plugin=plugin-webapi, old=UNAVAILABLE, new=RUNNING
2025-04-07T18:38:57.259Z [info] module-svc: Plugin status changed: plugin=module-league-state, old=UNAVAILABLE, new=RUNNING
2025-04-07T18:38:57.259Z [info] module-svc: Plugin status changed: plugin=module-league-in-game, old=UNAVAILABLE, new=RUNNING
2025-04-07T18:38:57.267Z [info] module-svc: Plugin status changed: plugin=plugin-theming, old=UNAVAILABLE, new=RUNNING
2025-04-07T18:38:57.269Z [info] module-svc: Plugin status changed: plugin=module-teams, old=UNAVAILABLE, new=RUNNING
2025-04-07T18:38:57.483Z [info] module-svc: Plugin status changed: plugin=module-league-static, old=UNAVAILABLE, new=RUNNING
2025-04-07T18:38:57.486Z [info] auth: =========================
2025-04-07T18:38:57.486Z [info] auth: Authentication is enabled
2025-04-07T18:38:57.486Z [info] auth: Admin API key: RCVPT-E34PM5D-YFE4BGM-M3AQX5H-9HB69WM
2025-04-07T18:38:57.487Z [info] auth: =========================
2025-04-07T18:38:57.490Z [info] server: Listening for requests on http://localhost:3003
2025-04-07T18:38:58.846Z [info] plugin-webapi: Fetching match data for matchid=EUW1_7360982643
2025-04-07T18:38:59.543Z [info] plugin-webapi: Fetched match for matchId=EUW1_7360982643, gameId=7360982643
2025-04-07T18:39:11.567Z [info] plugin-webapi: Fetching match data for matchid=EUW1_7360982643
2025-04-07T18:39:12.122Z [info] plugin-webapi: Fetched match for matchId=EUW1_7360982643, gameId=7360982643
2025-04-07T18:41:24.418Z [info] main:  _          _       _____           _ _    _ _   
2025-04-07T18:41:24.420Z [info] main: | |    ___ | |     |_   _|__   ___ | | | _(_) |_ 
2025-04-07T18:41:24.420Z [info] main: | |   / _ \| |       | |/ _ \ / _ \| | |/ / | __|
2025-04-07T18:41:24.420Z [info] main: | |__| (_) | |___    | | (_) | (_) | |   <| | |_ 
2025-04-07T18:41:24.420Z [info] main: |_____\___/|_____|   |_|\___/ \___/|_|_|\_\_|\__|
2025-04-07T18:41:24.421Z [info] main: 
2025-04-07T18:41:24.585Z [info] lpte-svc: Initialized event bus.
2025-04-07T18:41:24.585Z [info] module-svc: Initializing module service.
2025-04-07T18:41:24.902Z [info] module-svc: Initialized 16 module(s). Now loading plugins.
2025-04-07T18:41:25.453Z [info] main: LoL Toolkit started up successfully.
2025-04-07T18:41:24.903Z [info] module-svc: Loaded 16 plugin(s).
2025-04-07T18:41:25.454Z [info] module-svc: Plugin status changed: plugin=plugin-prod-clock, old=UNAVAILABLE, new=RUNNING
2025-04-07T18:41:25.454Z [info] module-svc: Plugin status changed: plugin=plugin-database, old=UNAVAILABLE, new=RUNNING
2025-04-07T18:41:25.454Z [info] module-svc: Plugin status changed: plugin=plugin-config, old=UNAVAILABLE, new=RUNNING
2025-04-07T18:41:25.455Z [info] module-svc: Plugin status changed: plugin=module-league-runes, old=UNAVAILABLE, new=RUNNING
2025-04-07T18:41:25.455Z [info] module-svc: Plugin status changed: plugin=module-league-prm, old=UNAVAILABLE, new=RUNNING
2025-04-07T18:41:25.455Z [info] module-svc: Plugin status changed: plugin=module-league-fearless, old=UNAVAILABLE, new=RUNNING
2025-04-07T18:41:25.456Z [info] module-svc: Plugin status changed: plugin=module-league-end-of-game, old=UNAVAILABLE, new=RUNNING
2025-04-07T18:41:25.456Z [info] module-svc: Plugin status changed: plugin=module-league-champselect-ui, old=UNAVAILABLE, new=RUNNING
2025-04-07T18:41:25.456Z [info] module-svc: Plugin status changed: plugin=module-league-caster-cockpit, old=UNAVAILABLE, new=RUNNING
2025-04-07T18:41:25.456Z [info] module-svc: Plugin status changed: plugin=module-caster, old=UNAVAILABLE, new=RUNNING
2025-04-07T18:41:25.465Z [info] module-svc: Plugin status changed: plugin=plugin-webapi, old=UNAVAILABLE, new=RUNNING
2025-04-07T18:41:25.466Z [info] module-svc: Plugin status changed: plugin=module-league-state, old=UNAVAILABLE, new=RUNNING
2025-04-07T18:41:25.466Z [info] module-svc: Plugin status changed: plugin=module-league-in-game, old=UNAVAILABLE, new=RUNNING
2025-04-07T18:41:25.471Z [info] module-svc: Plugin status changed: plugin=module-teams, old=UNAVAILABLE, new=RUNNING
2025-04-07T18:41:25.472Z [info] module-svc: Plugin status changed: plugin=plugin-theming, old=UNAVAILABLE, new=RUNNING
2025-04-07T18:41:25.637Z [info] module-svc: Plugin status changed: plugin=module-league-static, old=UNAVAILABLE, new=RUNNING
2025-04-07T18:41:25.644Z [info] auth: =========================
2025-04-07T18:41:25.644Z [info] auth: Authentication is enabled
2025-04-07T18:41:25.644Z [info] auth: Admin API key: RCVPT-E34PM5D-YFE4BGM-M3AQX5H-9HB69WM
2025-04-07T18:41:25.644Z [info] auth: =========================
2025-04-07T18:41:25.648Z [info] server: Listening for requests on http://localhost:3003
2025-04-07T18:41:28.817Z [info] plugin-webapi: Fetching match data for matchid=EUW1_7360982643
2025-04-07T18:41:29.370Z [info] plugin-webapi: Fetched match for matchId=EUW1_7360982643, gameId=7360982643
2025-04-07T18:41:43.540Z [info] plugin-webapi: Fetching match data for matchid=EUW1_7360982643
2025-04-07T18:41:44.118Z [info] plugin-webapi: Fetched match for matchId=EUW1_7360982643, gameId=7360982643
2025-04-07T18:43:40.940Z [info] main:  _          _       _____           _ _    _ _   
2025-04-07T18:43:40.942Z [info] main: | |    ___ | |     |_   _|__   ___ | | | _(_) |_ 
2025-04-07T18:43:40.942Z [info] main: | |   / _ \| |       | |/ _ \ / _ \| | |/ / | __|
2025-04-07T18:43:40.942Z [info] main: | |__| (_) | |___    | | (_) | (_) | |   <| | |_ 
2025-04-07T18:43:40.942Z [info] main: |_____\___/|_____|   |_|\___/ \___/|_|_|\_\_|\__|
2025-04-07T18:43:40.943Z [info] main: 
2025-04-07T18:43:41.069Z [info] lpte-svc: Initialized event bus.
2025-04-07T18:43:41.070Z [info] module-svc: Initializing module service.
2025-04-07T18:43:42.751Z [info] module-svc: Initialized 16 module(s). Now loading plugins.
2025-04-07T18:43:43.310Z [info] main: LoL Toolkit started up successfully.
2025-04-07T18:43:42.752Z [info] module-svc: Loaded 16 plugin(s).
2025-04-07T18:43:43.312Z [info] module-svc: Plugin status changed: plugin=plugin-prod-clock, old=UNAVAILABLE, new=RUNNING
2025-04-07T18:43:43.312Z [info] module-svc: Plugin status changed: plugin=plugin-database, old=UNAVAILABLE, new=RUNNING
2025-04-07T18:43:43.312Z [info] module-svc: Plugin status changed: plugin=plugin-config, old=UNAVAILABLE, new=RUNNING
2025-04-07T18:43:43.313Z [info] module-svc: Plugin status changed: plugin=module-league-runes, old=UNAVAILABLE, new=RUNNING
2025-04-07T18:43:43.313Z [info] module-svc: Plugin status changed: plugin=module-league-prm, old=UNAVAILABLE, new=RUNNING
2025-04-07T18:43:43.313Z [info] module-svc: Plugin status changed: plugin=module-league-fearless, old=UNAVAILABLE, new=RUNNING
2025-04-07T18:43:43.313Z [info] module-svc: Plugin status changed: plugin=module-league-end-of-game, old=UNAVAILABLE, new=RUNNING
2025-04-07T18:43:43.313Z [info] module-svc: Plugin status changed: plugin=module-league-champselect-ui, old=UNAVAILABLE, new=RUNNING
2025-04-07T18:43:43.314Z [info] module-svc: Plugin status changed: plugin=module-league-caster-cockpit, old=UNAVAILABLE, new=RUNNING
2025-04-07T18:43:43.314Z [info] module-svc: Plugin status changed: plugin=module-caster, old=UNAVAILABLE, new=RUNNING
2025-04-07T18:43:43.322Z [info] module-svc: Plugin status changed: plugin=plugin-webapi, old=UNAVAILABLE, new=RUNNING
2025-04-07T18:43:43.322Z [info] module-svc: Plugin status changed: plugin=module-league-state, old=UNAVAILABLE, new=RUNNING
2025-04-07T18:43:43.322Z [info] module-svc: Plugin status changed: plugin=module-league-in-game, old=UNAVAILABLE, new=RUNNING
2025-04-07T18:43:43.714Z [info] module-svc: Plugin status changed: plugin=plugin-theming, old=UNAVAILABLE, new=RUNNING
2025-04-07T18:43:43.715Z [info] module-svc: Plugin status changed: plugin=module-teams, old=UNAVAILABLE, new=RUNNING
2025-04-07T18:43:43.895Z [info] module-svc: Plugin status changed: plugin=module-league-static, old=UNAVAILABLE, new=RUNNING
2025-04-07T18:43:43.898Z [info] auth: =========================
2025-04-07T18:43:43.898Z [info] auth: Authentication is enabled
2025-04-07T18:43:43.898Z [info] auth: Admin API key: RCVPT-E34PM5D-YFE4BGM-M3AQX5H-9HB69WM
2025-04-07T18:43:43.898Z [info] auth: =========================
2025-04-07T18:43:43.903Z [info] server: Listening for requests on http://localhost:3003
2025-04-07T18:43:45.565Z [info] plugin-webapi: Fetching match data for matchid=EUW1_7360982643
2025-04-07T18:43:46.136Z [info] plugin-webapi: Fetched match for matchId=EUW1_7360982643, gameId=7360982643
2025-04-07T21:56:30.098Z [info] plugin-webapi: Fetching match data for matchid=EUW1_7360982643
2025-04-07T21:56:30.868Z [info] plugin-webapi: Fetched match for matchId=EUW1_7360982643, gameId=7360982643
2025-04-07T21:56:35.334Z [info] plugin-webapi: Fetching match data for matchid=EUW1_7360982643
2025-04-07T21:56:35.873Z [info] plugin-webapi: Fetched match for matchId=EUW1_7360982643, gameId=7360982643
2025-04-07T21:57:33.024Z [info] plugin-webapi: Fetching match data for matchid=EUW1_7360982643
2025-04-07T21:57:33.581Z [info] plugin-webapi: Fetched match for matchId=EUW1_7360982643, gameId=7360982643
2025-04-07T21:57:35.683Z [info] plugin-webapi: Fetching match data for matchid=EUW1_7360982643
2025-04-07T21:57:36.088Z [info] plugin-webapi: Fetched match for matchId=EUW1_7360982643, gameId=7360982643
2025-04-08T18:09:14.659Z [info] main:  _          _       _____           _ _    _ _   
2025-04-08T18:09:14.661Z [info] main: | |    ___ | |     |_   _|__   ___ | | | _(_) |_ 
2025-04-08T18:09:14.662Z [info] main: | |   / _ \| |       | |/ _ \ / _ \| | |/ / | __|
2025-04-08T18:09:14.662Z [info] main: | |__| (_) | |___    | | (_) | (_) | |   <| | |_ 
2025-04-08T18:09:14.662Z [info] main: |_____\___/|_____|   |_|\___/ \___/|_|_|\_\_|\__|
2025-04-08T18:09:14.662Z [info] main: 
2025-04-08T18:09:15.223Z [info] lpte-svc: Initialized event bus.
2025-04-08T18:09:15.223Z [info] module-svc: Initializing module service.
2025-04-08T18:09:16.977Z [info] module-svc: Initialized 16 module(s). Now loading plugins.
2025-04-08T18:09:23.993Z [info] main: LoL Toolkit started up successfully.
2025-04-08T18:09:24.000Z [warn] lpte-svc: Awaiting event timed out. namespace=reply, type=request-5prh5c6y0m98tecat, timeout=5000
2025-04-08T18:09:16.978Z [info] module-svc: Loaded 16 plugin(s).
2025-04-08T18:09:23.994Z [info] module-svc: Plugin status changed: plugin=plugin-prod-clock, old=UNAVAILABLE, new=RUNNING
2025-04-08T18:09:23.995Z [info] module-svc: Plugin status changed: plugin=plugin-database, old=UNAVAILABLE, new=RUNNING
2025-04-08T18:09:23.995Z [info] module-svc: Plugin status changed: plugin=plugin-config, old=UNAVAILABLE, new=RUNNING
2025-04-08T18:09:23.995Z [info] module-svc: Plugin status changed: plugin=module-league-runes, old=UNAVAILABLE, new=RUNNING
2025-04-08T18:09:23.996Z [info] module-svc: Plugin status changed: plugin=module-league-prm, old=UNAVAILABLE, new=RUNNING
2025-04-08T18:09:23.996Z [info] module-svc: Plugin status changed: plugin=module-league-fearless, old=UNAVAILABLE, new=RUNNING
2025-04-08T18:09:23.996Z [info] module-svc: Plugin status changed: plugin=module-league-end-of-game, old=UNAVAILABLE, new=RUNNING
2025-04-08T18:09:23.996Z [info] module-svc: Plugin status changed: plugin=module-league-champselect-ui, old=UNAVAILABLE, new=RUNNING
2025-04-08T18:09:23.999Z [info] module-svc: Plugin status changed: plugin=module-league-caster-cockpit, old=UNAVAILABLE, new=RUNNING
2025-04-08T18:09:23.999Z [info] module-svc: Plugin status changed: plugin=module-caster, old=UNAVAILABLE, new=RUNNING
2025-04-08T18:09:24.006Z [info] module-svc: Plugin status changed: plugin=plugin-webapi, old=UNAVAILABLE, new=RUNNING
2025-04-08T18:09:24.001Z [error] lpte-svc: Request timed out after 5000ms. Request meta={"channelType":"REQUEST","type":"request","namespace":"plugin-config","version":1,"sender":{"name":"plugin-webapi","version":"2.2.3","mode":"PLUGIN","path":"D:\\bouil\\Documents\\0.Dossiers\\Stream\\GAFE2025\\ProdToolKit\\modules\\plugin-webapi"},"reply":"request-5prh5c6y0m98tecat"}
2025-04-08T18:09:24.009Z [info] module-svc: Plugin status changed: plugin=module-league-state, old=UNAVAILABLE, new=RUNNING
2025-04-08T18:09:24.010Z [info] module-svc: Plugin status changed: plugin=module-league-in-game, old=UNAVAILABLE, new=RUNNING
2025-04-08T18:09:24.001Z [warn] plugin-webapi: config could not be loaded
2025-04-08T18:09:24.014Z [info] module-svc: Plugin status changed: plugin=plugin-theming, old=UNAVAILABLE, new=RUNNING
2025-04-08T18:09:24.022Z [info] module-svc: Plugin status changed: plugin=module-teams, old=UNAVAILABLE, new=RUNNING
2025-04-08T18:09:24.505Z [info] module-svc: Plugin status changed: plugin=module-league-static, old=UNAVAILABLE, new=RUNNING
2025-04-08T18:09:24.508Z [info] auth: =========================
2025-04-08T18:09:24.508Z [info] auth: Authentication is enabled
2025-04-08T18:09:24.509Z [info] auth: Admin API key: RCVPT-E34PM5D-YFE4BGM-M3AQX5H-9HB69WM
2025-04-08T18:09:24.509Z [info] auth: =========================
2025-04-08T18:09:24.517Z [info] server: Listening for requests on http://localhost:3003
2025-04-08T18:11:45.933Z [info] module-league-state: Flow: champselect - active
2025-04-08T18:11:45.943Z [info] module-league-state: Flow: champselect - game started (spectator delay)
2025-04-08T18:11:45.952Z [info] plugin-webapi: Fetching livegame data for summoner=undefined
2025-04-08T18:11:46.079Z [error] plugin-webapi: Failed to get information for summoner=undefined. Maybe this summoner does not exist? error=GenericError: Request failed with status code 403
2025-04-08T18:11:46.081Z [error] module-league-state: Loading livegame failed for summoner=undefined
2025-04-08T18:14:10.475Z [info] module-league-state: Flow: champselect - inactive
2025-04-08T18:19:17.208Z [info] plugin-webapi: Fetching match data for matchid=EUW1_7362070363
2025-04-08T18:19:17.338Z [error] plugin-webapi: Failed to get match information for matchId=EUW1_7362070363. Maybe the match is not over yet? error=GenericError: Request failed with status code 403
2025-04-08T18:19:17.341Z [error] module-league-state: Loading match failed for gameId=7362070363
2025-04-08T18:19:17.348Z [error] lpte-svc: Uncaught error in handler:  Cannot read properties of undefined (reading 'kills')
2025-04-08T18:29:13.961Z [info] main:  _          _       _____           _ _    _ _   
2025-04-08T18:29:13.963Z [info] main: | |    ___ | |     |_   _|__   ___ | | | _(_) |_ 
2025-04-08T18:29:13.963Z [info] main: | |   / _ \| |       | |/ _ \ / _ \| | |/ / | __|
2025-04-08T18:29:13.963Z [info] main: | |__| (_) | |___    | | (_) | (_) | |   <| | |_ 
2025-04-08T18:29:13.964Z [info] main: |_____\___/|_____|   |_|\___/ \___/|_|_|\_\_|\__|
2025-04-08T18:29:13.964Z [info] main: 
2025-04-08T18:29:14.486Z [info] lpte-svc: Initialized event bus.
2025-04-08T18:29:14.487Z [info] module-svc: Initializing module service.
2025-04-08T18:29:16.073Z [info] module-svc: Initialized 16 module(s). Now loading plugins.
2025-04-08T18:29:16.574Z [info] main: LoL Toolkit started up successfully.
2025-04-08T18:29:16.074Z [info] module-svc: Loaded 16 plugin(s).
2025-04-08T18:29:16.576Z [info] module-svc: Plugin status changed: plugin=plugin-prod-clock, old=UNAVAILABLE, new=RUNNING
2025-04-08T18:29:16.576Z [info] module-svc: Plugin status changed: plugin=plugin-database, old=UNAVAILABLE, new=RUNNING
2025-04-08T18:29:16.577Z [info] module-svc: Plugin status changed: plugin=plugin-config, old=UNAVAILABLE, new=RUNNING
2025-04-08T18:29:16.578Z [info] module-svc: Plugin status changed: plugin=module-league-runes, old=UNAVAILABLE, new=RUNNING
2025-04-08T18:29:16.578Z [info] module-svc: Plugin status changed: plugin=module-league-prm, old=UNAVAILABLE, new=RUNNING
2025-04-08T18:29:16.579Z [info] module-svc: Plugin status changed: plugin=module-league-fearless, old=UNAVAILABLE, new=RUNNING
2025-04-08T18:29:16.609Z [info] module-svc: Plugin status changed: plugin=module-league-end-of-game, old=UNAVAILABLE, new=RUNNING
2025-04-08T18:29:16.610Z [info] module-svc: Plugin status changed: plugin=module-league-champselect-ui, old=UNAVAILABLE, new=RUNNING
2025-04-08T18:29:16.611Z [info] module-svc: Plugin status changed: plugin=module-league-caster-cockpit, old=UNAVAILABLE, new=RUNNING
2025-04-08T18:29:16.612Z [info] module-svc: Plugin status changed: plugin=module-caster, old=UNAVAILABLE, new=RUNNING
2025-04-08T18:29:16.623Z [info] module-svc: Plugin status changed: plugin=plugin-webapi, old=UNAVAILABLE, new=RUNNING
2025-04-08T18:29:16.623Z [info] module-svc: Plugin status changed: plugin=module-league-state, old=UNAVAILABLE, new=RUNNING
2025-04-08T18:29:16.624Z [info] module-svc: Plugin status changed: plugin=module-league-in-game, old=UNAVAILABLE, new=RUNNING
2025-04-08T18:29:16.628Z [info] module-svc: Plugin status changed: plugin=plugin-theming, old=UNAVAILABLE, new=RUNNING
2025-04-08T18:29:16.629Z [info] module-svc: Plugin status changed: plugin=module-teams, old=UNAVAILABLE, new=RUNNING
2025-04-08T18:29:16.837Z [info] module-svc: Plugin status changed: plugin=module-league-static, old=UNAVAILABLE, new=RUNNING
2025-04-08T18:29:16.840Z [info] auth: =========================
2025-04-08T18:29:16.841Z [info] auth: Authentication is enabled
2025-04-08T18:29:16.841Z [info] auth: Admin API key: RCVPT-E34PM5D-YFE4BGM-M3AQX5H-9HB69WM
2025-04-08T18:29:16.841Z [info] auth: =========================
2025-04-08T18:29:16.846Z [info] server: Listening for requests on http://localhost:3003
2025-04-08T18:29:17.372Z [info] plugin-webapi: Fetching match data for matchid=EUW1_7362070363
2025-04-08T18:29:18.209Z [info] plugin-webapi: Fetched match for matchId=EUW1_7362070363, gameId=7362070363
2025-04-09T11:40:17.995Z [info] main:  _          _       _____           _ _    _ _   
2025-04-09T11:40:17.996Z [info] main: | |    ___ | |     |_   _|__   ___ | | | _(_) |_ 
2025-04-09T11:40:17.996Z [info] main: | |   / _ \| |       | |/ _ \ / _ \| | |/ / | __|
2025-04-09T11:40:17.996Z [info] main: | |__| (_) | |___    | | (_) | (_) | |   <| | |_ 
2025-04-09T11:40:17.997Z [info] main: |_____\___/|_____|   |_|\___/ \___/|_|_|\_\_|\__|
2025-04-09T11:40:17.997Z [info] main: 
2025-04-09T11:40:18.374Z [info] lpte-svc: Initialized event bus.
2025-04-09T11:40:18.375Z [info] module-svc: Initializing module service.
2025-04-09T11:40:20.513Z [info] module-svc: Initialized 16 module(s). Now loading plugins.
2025-04-09T11:40:24.907Z [info] main: LoL Toolkit started up successfully.
2025-04-09T11:40:20.514Z [info] module-svc: Loaded 16 plugin(s).
2025-04-09T11:40:24.909Z [info] module-svc: Plugin status changed: plugin=plugin-prod-clock, old=UNAVAILABLE, new=RUNNING
2025-04-09T11:40:24.909Z [info] module-svc: Plugin status changed: plugin=plugin-database, old=UNAVAILABLE, new=RUNNING
2025-04-09T11:40:24.909Z [info] module-svc: Plugin status changed: plugin=plugin-config, old=UNAVAILABLE, new=RUNNING
2025-04-09T11:40:24.911Z [info] module-svc: Plugin status changed: plugin=module-league-runes, old=UNAVAILABLE, new=RUNNING
2025-04-09T11:40:24.911Z [info] module-svc: Plugin status changed: plugin=module-league-prm, old=UNAVAILABLE, new=RUNNING
2025-04-09T11:40:24.912Z [info] module-svc: Plugin status changed: plugin=module-league-fearless, old=UNAVAILABLE, new=RUNNING
2025-04-09T11:40:24.912Z [info] module-svc: Plugin status changed: plugin=module-league-end-of-game, old=UNAVAILABLE, new=RUNNING
2025-04-09T11:40:24.912Z [info] module-svc: Plugin status changed: plugin=module-league-champselect-ui, old=UNAVAILABLE, new=RUNNING
2025-04-09T11:40:24.912Z [info] module-svc: Plugin status changed: plugin=module-league-caster-cockpit, old=UNAVAILABLE, new=RUNNING
2025-04-09T11:40:24.913Z [info] module-svc: Plugin status changed: plugin=module-caster, old=UNAVAILABLE, new=RUNNING
2025-04-09T11:40:24.922Z [info] module-svc: Plugin status changed: plugin=plugin-webapi, old=UNAVAILABLE, new=RUNNING
2025-04-09T11:40:24.922Z [info] module-svc: Plugin status changed: plugin=module-league-state, old=UNAVAILABLE, new=RUNNING
2025-04-09T11:40:24.922Z [info] module-svc: Plugin status changed: plugin=module-league-in-game, old=UNAVAILABLE, new=RUNNING
2025-04-09T11:40:24.925Z [info] module-svc: Plugin status changed: plugin=plugin-theming, old=UNAVAILABLE, new=RUNNING
2025-04-09T11:40:24.932Z [info] module-svc: Plugin status changed: plugin=module-teams, old=UNAVAILABLE, new=RUNNING
2025-04-09T11:40:25.172Z [info] module-svc: Plugin status changed: plugin=module-league-static, old=UNAVAILABLE, new=RUNNING
2025-04-09T11:40:25.174Z [info] auth: =========================
2025-04-09T11:40:25.176Z [info] auth: Authentication is enabled
2025-04-09T11:40:25.176Z [info] auth: Admin API key: RCVPT-E34PM5D-YFE4BGM-M3AQX5H-9HB69WM
2025-04-09T11:40:25.176Z [info] auth: =========================
2025-04-09T11:40:25.182Z [info] server: Listening for requests on http://localhost:3003
2025-04-09T12:28:46.121Z [info] plugin-webapi: Fetching match data for matchid=EUW1_7362797170
2025-04-09T12:28:46.599Z [info] plugin-webapi: Fetched match for matchId=EUW1_7362797170, gameId=7362797170
2025-04-09T12:46:36.424Z [info] main:  _          _       _____           _ _    _ _   
2025-04-09T12:46:36.426Z [info] main: | |    ___ | |     |_   _|__   ___ | | | _(_) |_ 
2025-04-09T12:46:36.426Z [info] main: | |   / _ \| |       | |/ _ \ / _ \| | |/ / | __|
2025-04-09T12:46:36.427Z [info] main: | |__| (_) | |___    | | (_) | (_) | |   <| | |_ 
2025-04-09T12:46:36.427Z [info] main: |_____\___/|_____|   |_|\___/ \___/|_|_|\_\_|\__|
2025-04-09T12:46:36.427Z [info] main: 
2025-04-09T12:46:36.847Z [info] lpte-svc: Initialized event bus.
2025-04-09T12:46:36.848Z [info] module-svc: Initializing module service.
2025-04-09T12:46:38.645Z [info] module-svc: Initialized 16 module(s). Now loading plugins.
2025-04-09T12:46:39.335Z [info] main: LoL Toolkit started up successfully.
2025-04-09T12:46:38.645Z [info] module-svc: Loaded 16 plugin(s).
2025-04-09T12:46:39.336Z [info] module-svc: Plugin status changed: plugin=plugin-prod-clock, old=UNAVAILABLE, new=RUNNING
2025-04-09T12:46:39.337Z [info] module-svc: Plugin status changed: plugin=plugin-database, old=UNAVAILABLE, new=RUNNING
2025-04-09T12:46:39.337Z [info] module-svc: Plugin status changed: plugin=plugin-config, old=UNAVAILABLE, new=RUNNING
2025-04-09T12:46:39.338Z [info] module-svc: Plugin status changed: plugin=module-league-runes, old=UNAVAILABLE, new=RUNNING
2025-04-09T12:46:39.338Z [info] module-svc: Plugin status changed: plugin=module-league-prm, old=UNAVAILABLE, new=RUNNING
2025-04-09T12:46:39.339Z [info] module-svc: Plugin status changed: plugin=module-league-fearless, old=UNAVAILABLE, new=RUNNING
2025-04-09T12:46:39.339Z [info] module-svc: Plugin status changed: plugin=module-league-end-of-game, old=UNAVAILABLE, new=RUNNING
2025-04-09T12:46:39.339Z [info] module-svc: Plugin status changed: plugin=module-league-champselect-ui, old=UNAVAILABLE, new=RUNNING
2025-04-09T12:46:39.340Z [info] module-svc: Plugin status changed: plugin=module-league-caster-cockpit, old=UNAVAILABLE, new=RUNNING
2025-04-09T12:46:39.340Z [info] module-svc: Plugin status changed: plugin=module-caster, old=UNAVAILABLE, new=RUNNING
2025-04-09T12:46:39.368Z [info] module-svc: Plugin status changed: plugin=plugin-webapi, old=UNAVAILABLE, new=RUNNING
2025-04-09T12:46:39.370Z [info] module-svc: Plugin status changed: plugin=module-league-state, old=UNAVAILABLE, new=RUNNING
2025-04-09T12:46:39.370Z [info] module-svc: Plugin status changed: plugin=module-league-in-game, old=UNAVAILABLE, new=RUNNING
2025-04-09T12:46:39.374Z [info] module-svc: Plugin status changed: plugin=plugin-theming, old=UNAVAILABLE, new=RUNNING
2025-04-09T12:46:39.375Z [info] module-svc: Plugin status changed: plugin=module-teams, old=UNAVAILABLE, new=RUNNING
2025-04-09T12:46:39.566Z [info] module-svc: Plugin status changed: plugin=module-league-static, old=UNAVAILABLE, new=RUNNING
2025-04-09T12:46:39.569Z [info] auth: =========================
2025-04-09T12:46:39.569Z [info] auth: Authentication is enabled
2025-04-09T12:46:39.570Z [info] auth: Admin API key: RCVPT-E34PM5D-YFE4BGM-M3AQX5H-9HB69WM
2025-04-09T12:46:39.570Z [info] auth: =========================
2025-04-09T12:46:39.574Z [info] server: Listening for requests on http://localhost:3003
2025-04-09T12:46:42.049Z [info] plugin-webapi: Fetching match data for matchid=EUW1_7362797170
2025-04-09T12:46:42.936Z [info] plugin-webapi: Fetched match for matchId=EUW1_7362797170, gameId=7362797170
2025-04-09T12:56:45.308Z [info] main:  _          _       _____           _ _    _ _   
2025-04-09T12:56:45.310Z [info] main: | |    ___ | |     |_   _|__   ___ | | | _(_) |_ 
2025-04-09T12:56:45.310Z [info] main: | |   / _ \| |       | |/ _ \ / _ \| | |/ / | __|
2025-04-09T12:56:45.310Z [info] main: | |__| (_) | |___    | | (_) | (_) | |   <| | |_ 
2025-04-09T12:56:45.310Z [info] main: |_____\___/|_____|   |_|\___/ \___/|_|_|\_\_|\__|
2025-04-09T12:56:45.310Z [info] main: 
2025-04-09T12:56:45.709Z [info] lpte-svc: Initialized event bus.
2025-04-09T12:56:45.710Z [info] module-svc: Initializing module service.
2025-04-09T12:56:47.427Z [info] module-svc: Initialized 16 module(s). Now loading plugins.
2025-04-09T12:56:47.970Z [info] main: LoL Toolkit started up successfully.
2025-04-09T12:56:47.427Z [info] module-svc: Loaded 16 plugin(s).
2025-04-09T12:56:47.972Z [info] module-svc: Plugin status changed: plugin=plugin-prod-clock, old=UNAVAILABLE, new=RUNNING
2025-04-09T12:56:47.972Z [info] module-svc: Plugin status changed: plugin=plugin-database, old=UNAVAILABLE, new=RUNNING
2025-04-09T12:56:47.972Z [info] module-svc: Plugin status changed: plugin=plugin-config, old=UNAVAILABLE, new=RUNNING
2025-04-09T12:56:47.973Z [info] module-svc: Plugin status changed: plugin=module-league-runes, old=UNAVAILABLE, new=RUNNING
2025-04-09T12:56:47.973Z [info] module-svc: Plugin status changed: plugin=module-league-prm, old=UNAVAILABLE, new=RUNNING
2025-04-09T12:56:47.973Z [info] module-svc: Plugin status changed: plugin=module-league-fearless, old=UNAVAILABLE, new=RUNNING
2025-04-09T12:56:47.974Z [info] module-svc: Plugin status changed: plugin=module-league-end-of-game, old=UNAVAILABLE, new=RUNNING
2025-04-09T12:56:47.974Z [info] module-svc: Plugin status changed: plugin=module-league-champselect-ui, old=UNAVAILABLE, new=RUNNING
2025-04-09T12:56:47.974Z [info] module-svc: Plugin status changed: plugin=module-league-caster-cockpit, old=UNAVAILABLE, new=RUNNING
2025-04-09T12:56:47.974Z [info] module-svc: Plugin status changed: plugin=module-caster, old=UNAVAILABLE, new=RUNNING
2025-04-09T12:56:47.982Z [info] module-svc: Plugin status changed: plugin=plugin-webapi, old=UNAVAILABLE, new=RUNNING
2025-04-09T12:56:47.984Z [info] module-svc: Plugin status changed: plugin=module-league-state, old=UNAVAILABLE, new=RUNNING
2025-04-09T12:56:47.985Z [info] module-svc: Plugin status changed: plugin=module-league-in-game, old=UNAVAILABLE, new=RUNNING
2025-04-09T12:56:47.994Z [info] module-svc: Plugin status changed: plugin=plugin-theming, old=UNAVAILABLE, new=RUNNING
2025-04-09T12:56:47.997Z [info] module-svc: Plugin status changed: plugin=module-teams, old=UNAVAILABLE, new=RUNNING
2025-04-09T12:56:48.162Z [info] module-svc: Plugin status changed: plugin=module-league-static, old=UNAVAILABLE, new=RUNNING
2025-04-09T12:56:48.164Z [info] auth: =========================
2025-04-09T12:56:48.165Z [info] auth: Authentication is enabled
2025-04-09T12:56:48.165Z [info] auth: Admin API key: RCVPT-E34PM5D-YFE4BGM-M3AQX5H-9HB69WM
2025-04-09T12:56:48.165Z [info] auth: =========================
2025-04-09T12:56:48.172Z [info] server: Listening for requests on http://localhost:3003
2025-04-09T12:56:51.100Z [info] plugin-webapi: Fetching match data for matchid=EUW1_7362797170
2025-04-09T12:56:52.004Z [info] plugin-webapi: Fetched match for matchId=EUW1_7362797170, gameId=7362797170
2025-04-09T12:56:52.009Z [error] lpte-svc: Uncaught error in handler:  Cannot read properties of undefined (reading '0')
2025-04-09T12:59:41.671Z [info] main:  _          _       _____           _ _    _ _   
2025-04-09T12:59:41.672Z [info] main: | |    ___ | |     |_   _|__   ___ | | | _(_) |_ 
2025-04-09T12:59:41.672Z [info] main: | |   / _ \| |       | |/ _ \ / _ \| | |/ / | __|
2025-04-09T12:59:41.673Z [info] main: | |__| (_) | |___    | | (_) | (_) | |   <| | |_ 
2025-04-09T12:59:41.673Z [info] main: |_____\___/|_____|   |_|\___/ \___/|_|_|\_\_|\__|
2025-04-09T12:59:41.673Z [info] main: 
2025-04-09T12:59:41.817Z [info] lpte-svc: Initialized event bus.
2025-04-09T12:59:41.818Z [info] module-svc: Initializing module service.
2025-04-09T12:59:42.190Z [info] module-svc: Initialized 16 module(s). Now loading plugins.
2025-04-09T12:59:42.746Z [info] main: LoL Toolkit started up successfully.
2025-04-09T12:59:42.191Z [info] module-svc: Loaded 16 plugin(s).
2025-04-09T12:59:42.747Z [info] module-svc: Plugin status changed: plugin=plugin-prod-clock, old=UNAVAILABLE, new=RUNNING
2025-04-09T12:59:42.747Z [info] module-svc: Plugin status changed: plugin=plugin-database, old=UNAVAILABLE, new=RUNNING
2025-04-09T12:59:42.748Z [info] module-svc: Plugin status changed: plugin=plugin-config, old=UNAVAILABLE, new=RUNNING
2025-04-09T12:59:42.748Z [info] module-svc: Plugin status changed: plugin=module-league-runes, old=UNAVAILABLE, new=RUNNING
2025-04-09T12:59:42.749Z [info] module-svc: Plugin status changed: plugin=module-league-prm, old=UNAVAILABLE, new=RUNNING
2025-04-09T12:59:42.749Z [info] module-svc: Plugin status changed: plugin=module-league-fearless, old=UNAVAILABLE, new=RUNNING
2025-04-09T12:59:42.749Z [info] module-svc: Plugin status changed: plugin=module-league-end-of-game, old=UNAVAILABLE, new=RUNNING
2025-04-09T12:59:42.749Z [info] module-svc: Plugin status changed: plugin=module-league-champselect-ui, old=UNAVAILABLE, new=RUNNING
2025-04-09T12:59:42.749Z [info] module-svc: Plugin status changed: plugin=module-league-caster-cockpit, old=UNAVAILABLE, new=RUNNING
2025-04-09T12:59:42.751Z [info] module-svc: Plugin status changed: plugin=module-caster, old=UNAVAILABLE, new=RUNNING
2025-04-09T12:59:42.759Z [info] module-svc: Plugin status changed: plugin=plugin-webapi, old=UNAVAILABLE, new=RUNNING
2025-04-09T12:59:42.759Z [info] module-svc: Plugin status changed: plugin=module-league-state, old=UNAVAILABLE, new=RUNNING
2025-04-09T12:59:42.759Z [info] module-svc: Plugin status changed: plugin=module-league-in-game, old=UNAVAILABLE, new=RUNNING
2025-04-09T12:59:42.763Z [info] module-svc: Plugin status changed: plugin=plugin-theming, old=UNAVAILABLE, new=RUNNING
2025-04-09T12:59:42.765Z [info] module-svc: Plugin status changed: plugin=module-teams, old=UNAVAILABLE, new=RUNNING
2025-04-09T12:59:42.935Z [info] module-svc: Plugin status changed: plugin=module-league-static, old=UNAVAILABLE, new=RUNNING
2025-04-09T12:59:42.941Z [info] auth: =========================
2025-04-09T12:59:42.941Z [info] auth: Authentication is enabled
2025-04-09T12:59:42.941Z [info] auth: Admin API key: RCVPT-E34PM5D-YFE4BGM-M3AQX5H-9HB69WM
2025-04-09T12:59:42.941Z [info] auth: =========================
2025-04-09T12:59:42.950Z [info] server: Listening for requests on http://localhost:3003
2025-04-09T12:59:45.393Z [info] plugin-webapi: Fetching match data for matchid=EUW1_7362797170
2025-04-09T12:59:46.073Z [info] plugin-webapi: Fetched match for matchId=EUW1_7362797170, gameId=7362797170
2025-04-09T12:59:46.077Z [error] lpte-svc: Uncaught error in handler:  Cannot read properties of undefined (reading '0')
2025-04-09T13:00:46.506Z [info] main:  _          _       _____           _ _    _ _   
2025-04-09T13:00:46.508Z [info] main: | |    ___ | |     |_   _|__   ___ | | | _(_) |_ 
2025-04-09T13:00:46.508Z [info] main: | |   / _ \| |       | |/ _ \ / _ \| | |/ / | __|
2025-04-09T13:00:46.508Z [info] main: | |__| (_) | |___    | | (_) | (_) | |   <| | |_ 
2025-04-09T13:00:46.509Z [info] main: |_____\___/|_____|   |_|\___/ \___/|_|_|\_\_|\__|
2025-04-09T13:00:46.509Z [info] main: 
2025-04-09T13:00:46.683Z [info] lpte-svc: Initialized event bus.
2025-04-09T13:00:46.683Z [info] module-svc: Initializing module service.
2025-04-09T13:00:47.117Z [info] module-svc: Initialized 16 module(s). Now loading plugins.
2025-04-09T13:00:47.673Z [info] main: LoL Toolkit started up successfully.
2025-04-09T13:00:47.118Z [info] module-svc: Loaded 16 plugin(s).
2025-04-09T13:00:47.674Z [info] module-svc: Plugin status changed: plugin=plugin-prod-clock, old=UNAVAILABLE, new=RUNNING
2025-04-09T13:00:47.674Z [info] module-svc: Plugin status changed: plugin=plugin-database, old=UNAVAILABLE, new=RUNNING
2025-04-09T13:00:47.674Z [info] module-svc: Plugin status changed: plugin=plugin-config, old=UNAVAILABLE, new=RUNNING
2025-04-09T13:00:47.675Z [info] module-svc: Plugin status changed: plugin=module-league-runes, old=UNAVAILABLE, new=RUNNING
2025-04-09T13:00:47.675Z [info] module-svc: Plugin status changed: plugin=module-league-prm, old=UNAVAILABLE, new=RUNNING
2025-04-09T13:00:47.675Z [info] module-svc: Plugin status changed: plugin=module-league-fearless, old=UNAVAILABLE, new=RUNNING
2025-04-09T13:00:47.676Z [info] module-svc: Plugin status changed: plugin=module-league-end-of-game, old=UNAVAILABLE, new=RUNNING
2025-04-09T13:00:47.676Z [info] module-svc: Plugin status changed: plugin=module-league-champselect-ui, old=UNAVAILABLE, new=RUNNING
2025-04-09T13:00:47.676Z [info] module-svc: Plugin status changed: plugin=module-league-caster-cockpit, old=UNAVAILABLE, new=RUNNING
2025-04-09T13:00:47.677Z [info] module-svc: Plugin status changed: plugin=module-caster, old=UNAVAILABLE, new=RUNNING
2025-04-09T13:00:47.692Z [info] module-svc: Plugin status changed: plugin=plugin-webapi, old=UNAVAILABLE, new=RUNNING
2025-04-09T13:00:47.692Z [info] module-svc: Plugin status changed: plugin=module-league-state, old=UNAVAILABLE, new=RUNNING
2025-04-09T13:00:47.693Z [info] module-svc: Plugin status changed: plugin=module-league-in-game, old=UNAVAILABLE, new=RUNNING
2025-04-09T13:00:47.695Z [info] module-svc: Plugin status changed: plugin=plugin-theming, old=UNAVAILABLE, new=RUNNING
2025-04-09T13:00:47.696Z [info] module-svc: Plugin status changed: plugin=module-teams, old=UNAVAILABLE, new=RUNNING
2025-04-09T13:00:47.872Z [info] module-svc: Plugin status changed: plugin=module-league-static, old=UNAVAILABLE, new=RUNNING
2025-04-09T13:00:47.876Z [info] auth: =========================
2025-04-09T13:00:47.876Z [info] auth: Authentication is enabled
2025-04-09T13:00:47.876Z [info] auth: Admin API key: RCVPT-E34PM5D-YFE4BGM-M3AQX5H-9HB69WM
2025-04-09T13:00:47.876Z [info] auth: =========================
2025-04-09T13:00:47.881Z [info] server: Listening for requests on http://localhost:3003
2025-04-09T13:00:50.990Z [info] plugin-webapi: Fetching match data for matchid=EUW1_7362797170
2025-04-09T13:00:51.780Z [info] plugin-webapi: Fetched match for matchId=EUW1_7362797170, gameId=7362797170
2025-04-09T13:00:51.784Z [error] lpte-svc: Uncaught error in handler:  Cannot read properties of undefined (reading '0')
2025-04-09T13:02:20.762Z [info] main:  _          _       _____           _ _    _ _   
2025-04-09T13:02:20.763Z [info] main: | |    ___ | |     |_   _|__   ___ | | | _(_) |_ 
2025-04-09T13:02:20.763Z [info] main: | |   / _ \| |       | |/ _ \ / _ \| | |/ / | __|
2025-04-09T13:02:20.764Z [info] main: | |__| (_) | |___    | | (_) | (_) | |   <| | |_ 
2025-04-09T13:02:20.764Z [info] main: |_____\___/|_____|   |_|\___/ \___/|_|_|\_\_|\__|
2025-04-09T13:02:20.764Z [info] main: 
2025-04-09T13:02:20.970Z [info] lpte-svc: Initialized event bus.
2025-04-09T13:02:20.970Z [info] module-svc: Initializing module service.
2025-04-09T13:02:21.380Z [info] module-svc: Initialized 16 module(s). Now loading plugins.
2025-04-09T13:02:21.943Z [info] main: LoL Toolkit started up successfully.
2025-04-09T13:02:21.381Z [info] module-svc: Loaded 16 plugin(s).
2025-04-09T13:02:21.944Z [info] module-svc: Plugin status changed: plugin=plugin-prod-clock, old=UNAVAILABLE, new=RUNNING
2025-04-09T13:02:21.944Z [info] module-svc: Plugin status changed: plugin=plugin-database, old=UNAVAILABLE, new=RUNNING
2025-04-09T13:02:21.944Z [info] module-svc: Plugin status changed: plugin=plugin-config, old=UNAVAILABLE, new=RUNNING
2025-04-09T13:02:21.945Z [info] module-svc: Plugin status changed: plugin=module-league-runes, old=UNAVAILABLE, new=RUNNING
2025-04-09T13:02:21.945Z [info] module-svc: Plugin status changed: plugin=module-league-prm, old=UNAVAILABLE, new=RUNNING
2025-04-09T13:02:21.945Z [info] module-svc: Plugin status changed: plugin=module-league-fearless, old=UNAVAILABLE, new=RUNNING
2025-04-09T13:02:21.945Z [info] module-svc: Plugin status changed: plugin=module-league-end-of-game, old=UNAVAILABLE, new=RUNNING
2025-04-09T13:02:21.946Z [info] module-svc: Plugin status changed: plugin=module-league-champselect-ui, old=UNAVAILABLE, new=RUNNING
2025-04-09T13:02:21.946Z [info] module-svc: Plugin status changed: plugin=module-league-caster-cockpit, old=UNAVAILABLE, new=RUNNING
2025-04-09T13:02:21.947Z [info] module-svc: Plugin status changed: plugin=module-caster, old=UNAVAILABLE, new=RUNNING
2025-04-09T13:02:21.955Z [info] module-svc: Plugin status changed: plugin=plugin-webapi, old=UNAVAILABLE, new=RUNNING
2025-04-09T13:02:21.956Z [info] module-svc: Plugin status changed: plugin=module-league-state, old=UNAVAILABLE, new=RUNNING
2025-04-09T13:02:21.956Z [info] module-svc: Plugin status changed: plugin=module-league-in-game, old=UNAVAILABLE, new=RUNNING
2025-04-09T13:02:21.961Z [info] module-svc: Plugin status changed: plugin=plugin-theming, old=UNAVAILABLE, new=RUNNING
2025-04-09T13:02:21.962Z [info] module-svc: Plugin status changed: plugin=module-teams, old=UNAVAILABLE, new=RUNNING
2025-04-09T13:02:22.126Z [info] module-svc: Plugin status changed: plugin=module-league-static, old=UNAVAILABLE, new=RUNNING
2025-04-09T13:02:22.129Z [info] auth: =========================
2025-04-09T13:02:22.129Z [info] auth: Authentication is enabled
2025-04-09T13:02:22.130Z [info] auth: Admin API key: RCVPT-E34PM5D-YFE4BGM-M3AQX5H-9HB69WM
2025-04-09T13:02:22.130Z [info] auth: =========================
2025-04-09T13:02:22.136Z [info] server: Listening for requests on http://localhost:3003
2025-04-09T13:02:22.294Z [info] plugin-webapi: Fetching match data for matchid=EUW1_7362797170
2025-04-09T13:02:22.967Z [info] plugin-webapi: Fetched match for matchId=EUW1_7362797170, gameId=7362797170
2025-04-09T13:04:32.197Z [info] main:  _          _       _____           _ _    _ _   
2025-04-09T13:04:32.199Z [info] main: | |    ___ | |     |_   _|__   ___ | | | _(_) |_ 
2025-04-09T13:04:32.199Z [info] main: | |   / _ \| |       | |/ _ \ / _ \| | |/ / | __|
2025-04-09T13:04:32.199Z [info] main: | |__| (_) | |___    | | (_) | (_) | |   <| | |_ 
2025-04-09T13:04:32.200Z [info] main: |_____\___/|_____|   |_|\___/ \___/|_|_|\_\_|\__|
2025-04-09T13:04:32.200Z [info] main: 
2025-04-09T13:04:32.365Z [info] lpte-svc: Initialized event bus.
2025-04-09T13:04:32.366Z [info] module-svc: Initializing module service.
2025-04-09T13:04:32.740Z [info] module-svc: Initialized 16 module(s). Now loading plugins.
2025-04-09T13:04:33.286Z [info] main: LoL Toolkit started up successfully.
2025-04-09T13:04:32.740Z [info] module-svc: Loaded 16 plugin(s).
2025-04-09T13:04:33.287Z [info] module-svc: Plugin status changed: plugin=plugin-prod-clock, old=UNAVAILABLE, new=RUNNING
2025-04-09T13:04:33.287Z [info] module-svc: Plugin status changed: plugin=plugin-database, old=UNAVAILABLE, new=RUNNING
2025-04-09T13:04:33.287Z [info] module-svc: Plugin status changed: plugin=plugin-config, old=UNAVAILABLE, new=RUNNING
2025-04-09T13:04:33.288Z [info] module-svc: Plugin status changed: plugin=module-league-runes, old=UNAVAILABLE, new=RUNNING
2025-04-09T13:04:33.288Z [info] module-svc: Plugin status changed: plugin=module-league-prm, old=UNAVAILABLE, new=RUNNING
2025-04-09T13:04:33.288Z [info] module-svc: Plugin status changed: plugin=module-league-fearless, old=UNAVAILABLE, new=RUNNING
2025-04-09T13:04:33.288Z [info] module-svc: Plugin status changed: plugin=module-league-end-of-game, old=UNAVAILABLE, new=RUNNING
2025-04-09T13:04:33.289Z [info] module-svc: Plugin status changed: plugin=module-league-champselect-ui, old=UNAVAILABLE, new=RUNNING
2025-04-09T13:04:33.289Z [info] module-svc: Plugin status changed: plugin=module-league-caster-cockpit, old=UNAVAILABLE, new=RUNNING
2025-04-09T13:04:33.289Z [info] module-svc: Plugin status changed: plugin=module-caster, old=UNAVAILABLE, new=RUNNING
2025-04-09T13:04:33.298Z [info] module-svc: Plugin status changed: plugin=plugin-webapi, old=UNAVAILABLE, new=RUNNING
2025-04-09T13:04:33.299Z [info] module-svc: Plugin status changed: plugin=module-league-state, old=UNAVAILABLE, new=RUNNING
2025-04-09T13:04:33.304Z [info] module-svc: Plugin status changed: plugin=module-league-in-game, old=UNAVAILABLE, new=RUNNING
2025-04-09T13:04:33.307Z [info] module-svc: Plugin status changed: plugin=plugin-theming, old=UNAVAILABLE, new=RUNNING
2025-04-09T13:04:33.308Z [info] module-svc: Plugin status changed: plugin=module-teams, old=UNAVAILABLE, new=RUNNING
2025-04-09T13:04:33.473Z [info] module-svc: Plugin status changed: plugin=module-league-static, old=UNAVAILABLE, new=RUNNING
2025-04-09T13:04:33.479Z [info] auth: =========================
2025-04-09T13:04:33.479Z [info] auth: Authentication is enabled
2025-04-09T13:04:33.480Z [info] auth: Admin API key: RCVPT-E34PM5D-YFE4BGM-M3AQX5H-9HB69WM
2025-04-09T13:04:33.480Z [info] auth: =========================
2025-04-09T13:04:33.485Z [info] server: Listening for requests on http://localhost:3003
2025-04-09T13:04:37.841Z [info] plugin-webapi: Fetching match data for matchid=EUW1_7362797170
2025-04-09T13:04:38.527Z [info] plugin-webapi: Fetched match for matchId=EUW1_7362797170, gameId=7362797170
2025-04-09T13:05:18.335Z [info] main:  _          _       _____           _ _    _ _   
2025-04-09T13:05:18.337Z [info] main: | |    ___ | |     |_   _|__   ___ | | | _(_) |_ 
2025-04-09T13:05:18.337Z [info] main: | |   / _ \| |       | |/ _ \ / _ \| | |/ / | __|
2025-04-09T13:05:18.337Z [info] main: | |__| (_) | |___    | | (_) | (_) | |   <| | |_ 
2025-04-09T13:05:18.338Z [info] main: |_____\___/|_____|   |_|\___/ \___/|_|_|\_\_|\__|
2025-04-09T13:05:18.338Z [info] main: 
2025-04-09T13:05:18.520Z [info] lpte-svc: Initialized event bus.
2025-04-09T13:05:18.520Z [info] module-svc: Initializing module service.
2025-04-09T13:05:18.910Z [info] module-svc: Initialized 16 module(s). Now loading plugins.
2025-04-09T13:05:19.403Z [info] main: LoL Toolkit started up successfully.
2025-04-09T13:05:18.911Z [info] module-svc: Loaded 16 plugin(s).
2025-04-09T13:05:19.404Z [info] module-svc: Plugin status changed: plugin=plugin-prod-clock, old=UNAVAILABLE, new=RUNNING
2025-04-09T13:05:19.404Z [info] module-svc: Plugin status changed: plugin=plugin-database, old=UNAVAILABLE, new=RUNNING
2025-04-09T13:05:19.404Z [info] module-svc: Plugin status changed: plugin=plugin-config, old=UNAVAILABLE, new=RUNNING
2025-04-09T13:05:19.405Z [info] module-svc: Plugin status changed: plugin=module-league-runes, old=UNAVAILABLE, new=RUNNING
2025-04-09T13:05:19.405Z [info] module-svc: Plugin status changed: plugin=module-league-prm, old=UNAVAILABLE, new=RUNNING
2025-04-09T13:05:19.405Z [info] module-svc: Plugin status changed: plugin=module-league-fearless, old=UNAVAILABLE, new=RUNNING
2025-04-09T13:05:19.405Z [info] module-svc: Plugin status changed: plugin=module-league-end-of-game, old=UNAVAILABLE, new=RUNNING
2025-04-09T13:05:19.405Z [info] module-svc: Plugin status changed: plugin=module-league-champselect-ui, old=UNAVAILABLE, new=RUNNING
2025-04-09T13:05:19.405Z [info] module-svc: Plugin status changed: plugin=module-league-caster-cockpit, old=UNAVAILABLE, new=RUNNING
2025-04-09T13:05:19.407Z [info] module-svc: Plugin status changed: plugin=module-caster, old=UNAVAILABLE, new=RUNNING
2025-04-09T13:05:19.418Z [info] module-svc: Plugin status changed: plugin=plugin-webapi, old=UNAVAILABLE, new=RUNNING
2025-04-09T13:05:19.418Z [info] module-svc: Plugin status changed: plugin=module-league-state, old=UNAVAILABLE, new=RUNNING
2025-04-09T13:05:19.419Z [info] module-svc: Plugin status changed: plugin=module-league-in-game, old=UNAVAILABLE, new=RUNNING
2025-04-09T13:05:19.421Z [info] module-svc: Plugin status changed: plugin=plugin-theming, old=UNAVAILABLE, new=RUNNING
2025-04-09T13:05:19.422Z [info] module-svc: Plugin status changed: plugin=module-teams, old=UNAVAILABLE, new=RUNNING
2025-04-09T13:05:19.582Z [info] module-svc: Plugin status changed: plugin=module-league-static, old=UNAVAILABLE, new=RUNNING
2025-04-09T13:05:19.588Z [info] auth: =========================
2025-04-09T13:05:19.588Z [info] auth: Authentication is enabled
2025-04-09T13:05:19.588Z [info] auth: Admin API key: RCVPT-E34PM5D-YFE4BGM-M3AQX5H-9HB69WM
2025-04-09T13:05:19.588Z [info] auth: =========================
2025-04-09T13:05:19.593Z [info] server: Listening for requests on http://localhost:3003
2025-04-09T13:05:24.295Z [info] plugin-webapi: Fetching match data for matchid=EUW1_7362797170
2025-04-09T13:05:24.972Z [info] plugin-webapi: Fetched match for matchId=EUW1_7362797170, gameId=7362797170
2025-04-09T13:05:24.976Z [error] lpte-svc: Uncaught error in handler:  this.matchData.info.teams[0].feats is not iterable
2025-04-09T13:10:03.484Z [info] main:  _          _       _____           _ _    _ _   
2025-04-09T13:10:03.486Z [info] main: | |    ___ | |     |_   _|__   ___ | | | _(_) |_ 
2025-04-09T13:10:03.486Z [info] main: | |   / _ \| |       | |/ _ \ / _ \| | |/ / | __|
2025-04-09T13:10:03.486Z [info] main: | |__| (_) | |___    | | (_) | (_) | |   <| | |_ 
2025-04-09T13:10:03.486Z [info] main: |_____\___/|_____|   |_|\___/ \___/|_|_|\_\_|\__|
2025-04-09T13:10:03.486Z [info] main: 
2025-04-09T13:10:03.905Z [info] lpte-svc: Initialized event bus.
2025-04-09T13:10:03.906Z [info] module-svc: Initializing module service.
2025-04-09T13:10:05.639Z [info] module-svc: Initialized 16 module(s). Now loading plugins.
2025-04-09T13:10:06.230Z [info] main: LoL Toolkit started up successfully.
2025-04-09T13:10:05.639Z [info] module-svc: Loaded 16 plugin(s).
2025-04-09T13:10:06.231Z [info] module-svc: Plugin status changed: plugin=plugin-prod-clock, old=UNAVAILABLE, new=RUNNING
2025-04-09T13:10:06.231Z [info] module-svc: Plugin status changed: plugin=plugin-database, old=UNAVAILABLE, new=RUNNING
2025-04-09T13:10:06.232Z [info] module-svc: Plugin status changed: plugin=plugin-config, old=UNAVAILABLE, new=RUNNING
2025-04-09T13:10:06.232Z [info] module-svc: Plugin status changed: plugin=module-league-runes, old=UNAVAILABLE, new=RUNNING
2025-04-09T13:10:06.233Z [info] module-svc: Plugin status changed: plugin=module-league-prm, old=UNAVAILABLE, new=RUNNING
2025-04-09T13:10:06.233Z [info] module-svc: Plugin status changed: plugin=module-league-fearless, old=UNAVAILABLE, new=RUNNING
2025-04-09T13:10:06.233Z [info] module-svc: Plugin status changed: plugin=module-league-end-of-game, old=UNAVAILABLE, new=RUNNING
2025-04-09T13:10:06.233Z [info] module-svc: Plugin status changed: plugin=module-league-champselect-ui, old=UNAVAILABLE, new=RUNNING
2025-04-09T13:10:06.233Z [info] module-svc: Plugin status changed: plugin=module-league-caster-cockpit, old=UNAVAILABLE, new=RUNNING
2025-04-09T13:10:06.234Z [info] module-svc: Plugin status changed: plugin=module-caster, old=UNAVAILABLE, new=RUNNING
2025-04-09T13:10:06.240Z [info] module-svc: Plugin status changed: plugin=plugin-webapi, old=UNAVAILABLE, new=RUNNING
2025-04-09T13:10:06.240Z [info] module-svc: Plugin status changed: plugin=module-league-state, old=UNAVAILABLE, new=RUNNING
2025-04-09T13:10:06.244Z [info] module-svc: Plugin status changed: plugin=module-league-in-game, old=UNAVAILABLE, new=RUNNING
2025-04-09T13:10:06.247Z [info] module-svc: Plugin status changed: plugin=plugin-theming, old=UNAVAILABLE, new=RUNNING
2025-04-09T13:10:06.248Z [info] module-svc: Plugin status changed: plugin=module-teams, old=UNAVAILABLE, new=RUNNING
2025-04-09T13:10:06.447Z [info] module-svc: Plugin status changed: plugin=module-league-static, old=UNAVAILABLE, new=RUNNING
2025-04-09T13:10:06.450Z [info] auth: =========================
2025-04-09T13:10:06.451Z [info] auth: Authentication is enabled
2025-04-09T13:10:06.451Z [info] auth: Admin API key: RCVPT-E34PM5D-YFE4BGM-M3AQX5H-9HB69WM
2025-04-09T13:10:06.451Z [info] auth: =========================
2025-04-09T13:10:06.455Z [info] server: Listening for requests on http://localhost:3003
2025-04-09T13:10:09.656Z [info] plugin-webapi: Fetching match data for matchid=EUW1_7362797170
2025-04-09T13:10:10.337Z [info] plugin-webapi: Fetched match for matchId=EUW1_7362797170, gameId=7362797170
2025-04-09T13:14:39.493Z [info] main:  _          _       _____           _ _    _ _   
2025-04-09T13:14:39.495Z [info] main: | |    ___ | |     |_   _|__   ___ | | | _(_) |_ 
2025-04-09T13:14:39.495Z [info] main: | |   / _ \| |       | |/ _ \ / _ \| | |/ / | __|
2025-04-09T13:14:39.495Z [info] main: | |__| (_) | |___    | | (_) | (_) | |   <| | |_ 
2025-04-09T13:14:39.495Z [info] main: |_____\___/|_____|   |_|\___/ \___/|_|_|\_\_|\__|
2025-04-09T13:14:39.496Z [info] main: 
2025-04-09T13:14:39.620Z [info] lpte-svc: Initialized event bus.
2025-04-09T13:14:39.621Z [info] module-svc: Initializing module service.
2025-04-09T13:14:40.014Z [info] module-svc: Initialized 16 module(s). Now loading plugins.
2025-04-09T13:14:40.576Z [info] main: LoL Toolkit started up successfully.
2025-04-09T13:14:40.014Z [info] module-svc: Loaded 16 plugin(s).
2025-04-09T13:14:40.578Z [info] module-svc: Plugin status changed: plugin=plugin-prod-clock, old=UNAVAILABLE, new=RUNNING
2025-04-09T13:14:40.578Z [info] module-svc: Plugin status changed: plugin=plugin-database, old=UNAVAILABLE, new=RUNNING
2025-04-09T13:14:40.578Z [info] module-svc: Plugin status changed: plugin=plugin-config, old=UNAVAILABLE, new=RUNNING
2025-04-09T13:14:40.579Z [info] module-svc: Plugin status changed: plugin=module-league-runes, old=UNAVAILABLE, new=RUNNING
2025-04-09T13:14:40.579Z [info] module-svc: Plugin status changed: plugin=module-league-prm, old=UNAVAILABLE, new=RUNNING
2025-04-09T13:14:40.579Z [info] module-svc: Plugin status changed: plugin=module-league-fearless, old=UNAVAILABLE, new=RUNNING
2025-04-09T13:14:40.579Z [info] module-svc: Plugin status changed: plugin=module-league-end-of-game, old=UNAVAILABLE, new=RUNNING
2025-04-09T13:14:40.580Z [info] module-svc: Plugin status changed: plugin=module-league-champselect-ui, old=UNAVAILABLE, new=RUNNING
2025-04-09T13:14:40.580Z [info] module-svc: Plugin status changed: plugin=module-league-caster-cockpit, old=UNAVAILABLE, new=RUNNING
2025-04-09T13:14:40.581Z [info] module-svc: Plugin status changed: plugin=module-caster, old=UNAVAILABLE, new=RUNNING
2025-04-09T13:14:40.595Z [info] module-svc: Plugin status changed: plugin=plugin-webapi, old=UNAVAILABLE, new=RUNNING
2025-04-09T13:14:40.596Z [info] module-svc: Plugin status changed: plugin=module-league-state, old=UNAVAILABLE, new=RUNNING
2025-04-09T13:14:40.598Z [info] module-svc: Plugin status changed: plugin=module-league-in-game, old=UNAVAILABLE, new=RUNNING
2025-04-09T13:14:40.602Z [info] module-svc: Plugin status changed: plugin=plugin-theming, old=UNAVAILABLE, new=RUNNING
2025-04-09T13:14:40.602Z [info] module-svc: Plugin status changed: plugin=module-teams, old=UNAVAILABLE, new=RUNNING
2025-04-09T13:14:40.754Z [info] module-svc: Plugin status changed: plugin=module-league-static, old=UNAVAILABLE, new=RUNNING
2025-04-09T13:14:40.758Z [info] auth: =========================
2025-04-09T13:14:40.758Z [info] auth: Authentication is enabled
2025-04-09T13:14:40.759Z [info] auth: Admin API key: RCVPT-E34PM5D-YFE4BGM-M3AQX5H-9HB69WM
2025-04-09T13:14:40.759Z [info] auth: =========================
2025-04-09T13:14:40.763Z [info] server: Listening for requests on http://localhost:3003
2025-04-09T13:14:40.928Z [info] plugin-webapi: Fetching match data for matchid=EUW1_7362797170
2025-04-09T13:14:41.587Z [info] plugin-webapi: Fetched match for matchId=EUW1_7362797170, gameId=7362797170
2025-04-09T13:20:16.472Z [info] main:  _          _       _____           _ _    _ _   
2025-04-09T13:20:16.474Z [info] main: | |    ___ | |     |_   _|__   ___ | | | _(_) |_ 
2025-04-09T13:20:16.474Z [info] main: | |   / _ \| |       | |/ _ \ / _ \| | |/ / | __|
2025-04-09T13:20:16.474Z [info] main: | |__| (_) | |___    | | (_) | (_) | |   <| | |_ 
2025-04-09T13:20:16.474Z [info] main: |_____\___/|_____|   |_|\___/ \___/|_|_|\_\_|\__|
2025-04-09T13:20:16.474Z [info] main: 
2025-04-09T13:20:16.913Z [info] lpte-svc: Initialized event bus.
2025-04-09T13:20:16.913Z [info] module-svc: Initializing module service.
2025-04-09T13:20:18.808Z [info] module-svc: Initialized 16 module(s). Now loading plugins.
2025-04-09T13:20:19.319Z [info] main: LoL Toolkit started up successfully.
2025-04-09T13:20:18.810Z [info] module-svc: Loaded 16 plugin(s).
2025-04-09T13:20:19.320Z [info] module-svc: Plugin status changed: plugin=plugin-prod-clock, old=UNAVAILABLE, new=RUNNING
2025-04-09T13:20:19.320Z [info] module-svc: Plugin status changed: plugin=plugin-database, old=UNAVAILABLE, new=RUNNING
2025-04-09T13:20:19.320Z [info] module-svc: Plugin status changed: plugin=plugin-config, old=UNAVAILABLE, new=RUNNING
2025-04-09T13:20:19.321Z [info] module-svc: Plugin status changed: plugin=module-league-runes, old=UNAVAILABLE, new=RUNNING
2025-04-09T13:20:19.321Z [info] module-svc: Plugin status changed: plugin=module-league-prm, old=UNAVAILABLE, new=RUNNING
2025-04-09T13:20:19.321Z [info] module-svc: Plugin status changed: plugin=module-league-fearless, old=UNAVAILABLE, new=RUNNING
2025-04-09T13:20:19.322Z [info] module-svc: Plugin status changed: plugin=module-league-end-of-game, old=UNAVAILABLE, new=RUNNING
2025-04-09T13:20:19.322Z [info] module-svc: Plugin status changed: plugin=module-league-champselect-ui, old=UNAVAILABLE, new=RUNNING
2025-04-09T13:20:19.322Z [info] module-svc: Plugin status changed: plugin=module-league-caster-cockpit, old=UNAVAILABLE, new=RUNNING
2025-04-09T13:20:19.322Z [info] module-svc: Plugin status changed: plugin=module-caster, old=UNAVAILABLE, new=RUNNING
2025-04-09T13:20:19.336Z [info] module-svc: Plugin status changed: plugin=plugin-webapi, old=UNAVAILABLE, new=RUNNING
2025-04-09T13:20:19.337Z [info] module-svc: Plugin status changed: plugin=module-league-state, old=UNAVAILABLE, new=RUNNING
2025-04-09T13:20:19.337Z [info] module-svc: Plugin status changed: plugin=module-league-in-game, old=UNAVAILABLE, new=RUNNING
2025-04-09T13:20:19.341Z [info] module-svc: Plugin status changed: plugin=plugin-theming, old=UNAVAILABLE, new=RUNNING
2025-04-09T13:20:19.342Z [info] module-svc: Plugin status changed: plugin=module-teams, old=UNAVAILABLE, new=RUNNING
2025-04-09T13:20:19.505Z [info] module-svc: Plugin status changed: plugin=module-league-static, old=UNAVAILABLE, new=RUNNING
2025-04-09T13:20:19.514Z [info] auth: =========================
2025-04-09T13:20:19.515Z [info] auth: Authentication is enabled
2025-04-09T13:20:19.515Z [info] auth: Admin API key: RCVPT-E34PM5D-YFE4BGM-M3AQX5H-9HB69WM
2025-04-09T13:20:19.515Z [info] auth: =========================
2025-04-09T13:20:19.521Z [info] server: Listening for requests on http://localhost:3003
2025-04-09T13:20:22.565Z [info] plugin-webapi: Fetching match data for matchid=EUW1_7362797170
2025-04-09T13:20:23.613Z [info] plugin-webapi: Fetched match for matchId=EUW1_7362797170, gameId=7362797170
2025-04-09T13:20:44.750Z [info] main:  _          _       _____           _ _    _ _   
2025-04-09T13:20:44.751Z [info] main: | |    ___ | |     |_   _|__   ___ | | | _(_) |_ 
2025-04-09T13:20:44.752Z [info] main: | |   / _ \| |       | |/ _ \ / _ \| | |/ / | __|
2025-04-09T13:20:44.752Z [info] main: | |__| (_) | |___    | | (_) | (_) | |   <| | |_ 
2025-04-09T13:20:44.752Z [info] main: |_____\___/|_____|   |_|\___/ \___/|_|_|\_\_|\__|
2025-04-09T13:20:44.752Z [info] main: 
2025-04-09T13:20:44.877Z [info] lpte-svc: Initialized event bus.
2025-04-09T13:20:44.877Z [info] module-svc: Initializing module service.
2025-04-09T13:20:45.212Z [info] module-svc: Initialized 16 module(s). Now loading plugins.
2025-04-09T13:20:45.750Z [info] main: LoL Toolkit started up successfully.
2025-04-09T13:20:45.213Z [info] module-svc: Loaded 16 plugin(s).
2025-04-09T13:20:45.751Z [info] module-svc: Plugin status changed: plugin=plugin-prod-clock, old=UNAVAILABLE, new=RUNNING
2025-04-09T13:20:45.751Z [info] module-svc: Plugin status changed: plugin=plugin-database, old=UNAVAILABLE, new=RUNNING
2025-04-09T13:20:45.752Z [info] module-svc: Plugin status changed: plugin=plugin-config, old=UNAVAILABLE, new=RUNNING
2025-04-09T13:20:45.752Z [info] module-svc: Plugin status changed: plugin=module-league-runes, old=UNAVAILABLE, new=RUNNING
2025-04-09T13:20:45.752Z [info] module-svc: Plugin status changed: plugin=module-league-prm, old=UNAVAILABLE, new=RUNNING
2025-04-09T13:20:45.752Z [info] module-svc: Plugin status changed: plugin=module-league-fearless, old=UNAVAILABLE, new=RUNNING
2025-04-09T13:20:45.753Z [info] module-svc: Plugin status changed: plugin=module-league-end-of-game, old=UNAVAILABLE, new=RUNNING
2025-04-09T13:20:45.753Z [info] module-svc: Plugin status changed: plugin=module-league-champselect-ui, old=UNAVAILABLE, new=RUNNING
2025-04-09T13:20:45.753Z [info] module-svc: Plugin status changed: plugin=module-league-caster-cockpit, old=UNAVAILABLE, new=RUNNING
2025-04-09T13:20:45.753Z [info] module-svc: Plugin status changed: plugin=module-caster, old=UNAVAILABLE, new=RUNNING
2025-04-09T13:20:45.759Z [info] module-svc: Plugin status changed: plugin=plugin-webapi, old=UNAVAILABLE, new=RUNNING
2025-04-09T13:20:45.760Z [info] module-svc: Plugin status changed: plugin=module-league-state, old=UNAVAILABLE, new=RUNNING
2025-04-09T13:20:45.761Z [info] module-svc: Plugin status changed: plugin=module-league-in-game, old=UNAVAILABLE, new=RUNNING
2025-04-09T13:20:45.765Z [info] module-svc: Plugin status changed: plugin=module-teams, old=UNAVAILABLE, new=RUNNING
2025-04-09T13:20:45.765Z [info] module-svc: Plugin status changed: plugin=plugin-theming, old=UNAVAILABLE, new=RUNNING
2025-04-09T13:20:45.926Z [info] module-svc: Plugin status changed: plugin=module-league-static, old=UNAVAILABLE, new=RUNNING
2025-04-09T13:20:45.931Z [info] auth: =========================
2025-04-09T13:20:45.931Z [info] auth: Authentication is enabled
2025-04-09T13:20:45.931Z [info] auth: Admin API key: RCVPT-E34PM5D-YFE4BGM-M3AQX5H-9HB69WM
2025-04-09T13:20:45.931Z [info] auth: =========================
2025-04-09T13:20:45.936Z [info] server: Listening for requests on http://localhost:3003
2025-04-09T13:20:46.626Z [info] plugin-webapi: Fetching match data for matchid=EUW1_7362797170
2025-04-09T13:20:47.324Z [info] plugin-webapi: Fetched match for matchId=EUW1_7362797170, gameId=7362797170
2025-04-09T13:29:08.088Z [info] main:  _          _       _____           _ _    _ _   
2025-04-09T13:29:08.089Z [info] main: | |    ___ | |     |_   _|__   ___ | | | _(_) |_ 
2025-04-09T13:29:08.090Z [info] main: | |   / _ \| |       | |/ _ \ / _ \| | |/ / | __|
2025-04-09T13:29:08.090Z [info] main: | |__| (_) | |___    | | (_) | (_) | |   <| | |_ 
2025-04-09T13:29:08.090Z [info] main: |_____\___/|_____|   |_|\___/ \___/|_|_|\_\_|\__|
2025-04-09T13:29:08.090Z [info] main: 
2025-04-09T13:29:08.300Z [info] lpte-svc: Initialized event bus.
2025-04-09T13:29:08.300Z [info] module-svc: Initializing module service.
2025-04-09T13:29:08.738Z [info] module-svc: Initialized 16 module(s). Now loading plugins.
2025-04-09T13:29:09.273Z [info] main: LoL Toolkit started up successfully.
2025-04-09T13:29:08.739Z [info] module-svc: Loaded 16 plugin(s).
2025-04-09T13:29:09.275Z [info] module-svc: Plugin status changed: plugin=plugin-prod-clock, old=UNAVAILABLE, new=RUNNING
2025-04-09T13:29:09.275Z [info] module-svc: Plugin status changed: plugin=plugin-database, old=UNAVAILABLE, new=RUNNING
2025-04-09T13:29:09.275Z [info] module-svc: Plugin status changed: plugin=plugin-config, old=UNAVAILABLE, new=RUNNING
2025-04-09T13:29:09.275Z [info] module-svc: Plugin status changed: plugin=module-league-runes, old=UNAVAILABLE, new=RUNNING
2025-04-09T13:29:09.276Z [info] module-svc: Plugin status changed: plugin=module-league-prm, old=UNAVAILABLE, new=RUNNING
2025-04-09T13:29:09.276Z [info] module-svc: Plugin status changed: plugin=module-league-fearless, old=UNAVAILABLE, new=RUNNING
2025-04-09T13:29:09.276Z [info] module-svc: Plugin status changed: plugin=module-league-end-of-game, old=UNAVAILABLE, new=RUNNING
2025-04-09T13:29:09.276Z [info] module-svc: Plugin status changed: plugin=module-league-champselect-ui, old=UNAVAILABLE, new=RUNNING
2025-04-09T13:29:09.276Z [info] module-svc: Plugin status changed: plugin=module-league-caster-cockpit, old=UNAVAILABLE, new=RUNNING
2025-04-09T13:29:09.278Z [info] module-svc: Plugin status changed: plugin=module-caster, old=UNAVAILABLE, new=RUNNING
2025-04-09T13:29:09.292Z [info] module-svc: Plugin status changed: plugin=plugin-webapi, old=UNAVAILABLE, new=RUNNING
2025-04-09T13:29:09.293Z [info] module-svc: Plugin status changed: plugin=module-league-state, old=UNAVAILABLE, new=RUNNING
2025-04-09T13:29:09.293Z [info] module-svc: Plugin status changed: plugin=module-league-in-game, old=UNAVAILABLE, new=RUNNING
2025-04-09T13:29:09.296Z [info] module-svc: Plugin status changed: plugin=plugin-theming, old=UNAVAILABLE, new=RUNNING
2025-04-09T13:29:09.296Z [info] module-svc: Plugin status changed: plugin=module-teams, old=UNAVAILABLE, new=RUNNING
2025-04-09T13:29:09.460Z [info] module-svc: Plugin status changed: plugin=module-league-static, old=UNAVAILABLE, new=RUNNING
2025-04-09T13:29:09.465Z [info] auth: =========================
2025-04-09T13:29:09.465Z [info] auth: Authentication is enabled
2025-04-09T13:29:09.465Z [info] auth: Admin API key: RCVPT-E34PM5D-YFE4BGM-M3AQX5H-9HB69WM
2025-04-09T13:29:09.465Z [info] auth: =========================
2025-04-09T13:29:09.469Z [info] server: Listening for requests on http://localhost:3003
2025-04-09T13:29:11.781Z [info] plugin-webapi: Fetching match data for matchid=EUW1_7362797170
2025-04-09T13:29:12.528Z [info] plugin-webapi: Fetched match for matchId=EUW1_7362797170, gameId=7362797170
2025-04-09T18:41:59.869Z [warn] auth: jwt expired
2025-04-09T19:42:07.211Z [warn] auth: jwt expired
2025-04-10T18:02:56.239Z [info] main:  _          _       _____           _ _    _ _   
2025-04-10T18:02:56.241Z [info] main: | |    ___ | |     |_   _|__   ___ | | | _(_) |_ 
2025-04-10T18:02:56.241Z [info] main: | |   / _ \| |       | |/ _ \ / _ \| | |/ / | __|
2025-04-10T18:02:56.241Z [info] main: | |__| (_) | |___    | | (_) | (_) | |   <| | |_ 
2025-04-10T18:02:56.241Z [info] main: |_____\___/|_____|   |_|\___/ \___/|_|_|\_\_|\__|
2025-04-10T18:02:56.241Z [info] main: 
2025-04-10T18:02:56.685Z [info] lpte-svc: Initialized event bus.
2025-04-10T18:02:56.686Z [info] module-svc: Initializing module service.
2025-04-10T18:02:58.802Z [info] module-svc: Initialized 16 module(s). Now loading plugins.
2025-04-10T18:03:03.504Z [info] main: LoL Toolkit started up successfully.
2025-04-10T18:02:58.803Z [info] module-svc: Loaded 16 plugin(s).
2025-04-10T18:03:03.505Z [info] module-svc: Plugin status changed: plugin=plugin-prod-clock, old=UNAVAILABLE, new=RUNNING
2025-04-10T18:03:03.505Z [info] module-svc: Plugin status changed: plugin=plugin-database, old=UNAVAILABLE, new=RUNNING
2025-04-10T18:03:03.505Z [info] module-svc: Plugin status changed: plugin=plugin-config, old=UNAVAILABLE, new=RUNNING
2025-04-10T18:03:03.506Z [info] module-svc: Plugin status changed: plugin=module-league-runes, old=UNAVAILABLE, new=RUNNING
2025-04-10T18:03:03.507Z [info] module-svc: Plugin status changed: plugin=module-league-prm, old=UNAVAILABLE, new=RUNNING
2025-04-10T18:03:03.507Z [info] module-svc: Plugin status changed: plugin=module-league-fearless, old=UNAVAILABLE, new=RUNNING
2025-04-10T18:03:03.507Z [info] module-svc: Plugin status changed: plugin=module-league-end-of-game, old=UNAVAILABLE, new=RUNNING
2025-04-10T18:03:03.508Z [info] module-svc: Plugin status changed: plugin=module-league-champselect-ui, old=UNAVAILABLE, new=RUNNING
2025-04-10T18:03:03.508Z [info] module-svc: Plugin status changed: plugin=module-league-caster-cockpit, old=UNAVAILABLE, new=RUNNING
2025-04-10T18:03:03.508Z [info] module-svc: Plugin status changed: plugin=module-caster, old=UNAVAILABLE, new=RUNNING
2025-04-10T18:03:03.517Z [info] module-svc: Plugin status changed: plugin=plugin-webapi, old=UNAVAILABLE, new=RUNNING
2025-04-10T18:03:03.517Z [info] module-svc: Plugin status changed: plugin=module-league-state, old=UNAVAILABLE, new=RUNNING
2025-04-10T18:03:03.517Z [info] module-svc: Plugin status changed: plugin=module-league-in-game, old=UNAVAILABLE, new=RUNNING
2025-04-10T18:03:03.518Z [info] module-svc: Plugin status changed: plugin=plugin-theming, old=UNAVAILABLE, new=RUNNING
2025-04-10T18:03:03.524Z [info] module-svc: Plugin status changed: plugin=module-teams, old=UNAVAILABLE, new=RUNNING
2025-04-10T18:03:03.773Z [info] module-svc: Plugin status changed: plugin=module-league-static, old=UNAVAILABLE, new=RUNNING
2025-04-10T18:03:03.776Z [info] auth: =========================
2025-04-10T18:03:03.776Z [info] auth: Authentication is enabled
2025-04-10T18:03:03.776Z [info] auth: Admin API key: RCVPT-E34PM5D-YFE4BGM-M3AQX5H-9HB69WM
2025-04-10T18:03:03.776Z [info] auth: =========================
2025-04-10T18:03:03.781Z [info] server: Listening for requests on http://localhost:3003
2025-04-10T18:03:38.862Z [info] module-league-state: Flow: champselect - active
2025-04-10T18:13:08.759Z [info] module-league-state: Flow: champselect - inactive
2025-04-10T18:30:47.108Z [info] plugin-webapi: Fetching match data for matchid=EUW1_7364221194
2025-04-10T18:30:47.777Z [info] plugin-webapi: Fetched match for matchId=EUW1_7364221194, gameId=7364221194
2025-04-10T19:05:34.760Z [info] main:  _          _       _____           _ _    _ _   
2025-04-10T19:05:34.761Z [info] main: | |    ___ | |     |_   _|__   ___ | | | _(_) |_ 
2025-04-10T19:05:34.761Z [info] main: | |   / _ \| |       | |/ _ \ / _ \| | |/ / | __|
2025-04-10T19:05:34.761Z [info] main: | |__| (_) | |___    | | (_) | (_) | |   <| | |_ 
2025-04-10T19:05:34.762Z [info] main: |_____\___/|_____|   |_|\___/ \___/|_|_|\_\_|\__|
2025-04-10T19:05:34.762Z [info] main: 
2025-04-10T19:05:35.179Z [info] lpte-svc: Initialized event bus.
2025-04-10T19:05:35.179Z [info] module-svc: Initializing module service.
2025-04-10T19:05:36.760Z [info] module-svc: Initialized 16 module(s). Now loading plugins.
2025-04-10T19:05:37.341Z [info] main: LoL Toolkit started up successfully.
2025-04-10T19:05:36.760Z [info] module-svc: Loaded 16 plugin(s).
2025-04-10T19:05:37.342Z [info] module-svc: Plugin status changed: plugin=plugin-prod-clock, old=UNAVAILABLE, new=RUNNING
2025-04-10T19:05:37.342Z [info] module-svc: Plugin status changed: plugin=plugin-database, old=UNAVAILABLE, new=RUNNING
2025-04-10T19:05:37.343Z [info] module-svc: Plugin status changed: plugin=plugin-config, old=UNAVAILABLE, new=RUNNING
2025-04-10T19:05:37.343Z [info] module-svc: Plugin status changed: plugin=module-league-runes, old=UNAVAILABLE, new=RUNNING
2025-04-10T19:05:37.344Z [info] module-svc: Plugin status changed: plugin=module-league-prm, old=UNAVAILABLE, new=RUNNING
2025-04-10T19:05:37.344Z [info] module-svc: Plugin status changed: plugin=module-league-fearless, old=UNAVAILABLE, new=RUNNING
2025-04-10T19:05:37.344Z [info] module-svc: Plugin status changed: plugin=module-league-end-of-game, old=UNAVAILABLE, new=RUNNING
2025-04-10T19:05:37.344Z [info] module-svc: Plugin status changed: plugin=module-league-champselect-ui, old=UNAVAILABLE, new=RUNNING
2025-04-10T19:05:37.344Z [info] module-svc: Plugin status changed: plugin=module-league-caster-cockpit, old=UNAVAILABLE, new=RUNNING
2025-04-10T19:05:37.344Z [info] module-svc: Plugin status changed: plugin=module-caster, old=UNAVAILABLE, new=RUNNING
2025-04-10T19:05:37.352Z [info] module-svc: Plugin status changed: plugin=plugin-webapi, old=UNAVAILABLE, new=RUNNING
2025-04-10T19:05:37.352Z [info] module-svc: Plugin status changed: plugin=module-league-state, old=UNAVAILABLE, new=RUNNING
2025-04-10T19:05:37.353Z [info] module-svc: Plugin status changed: plugin=module-league-in-game, old=UNAVAILABLE, new=RUNNING
2025-04-10T19:05:37.358Z [info] module-svc: Plugin status changed: plugin=module-teams, old=UNAVAILABLE, new=RUNNING
2025-04-10T19:05:37.358Z [info] module-svc: Plugin status changed: plugin=plugin-theming, old=UNAVAILABLE, new=RUNNING
2025-04-10T19:05:37.556Z [info] module-svc: Plugin status changed: plugin=module-league-static, old=UNAVAILABLE, new=RUNNING
2025-04-10T19:05:37.565Z [info] auth: =========================
2025-04-10T19:05:37.567Z [info] auth: Authentication is enabled
2025-04-10T19:05:37.567Z [info] auth: Admin API key: RCVPT-E34PM5D-YFE4BGM-M3AQX5H-9HB69WM
2025-04-10T19:05:37.567Z [info] auth: =========================
2025-04-10T19:05:37.572Z [info] server: Listening for requests on http://localhost:3003
2025-04-10T19:05:40.714Z [info] plugin-webapi: Fetching match data for matchid=EUW1_7364221194
2025-04-10T19:05:41.282Z [info] plugin-webapi: Fetched match for matchId=EUW1_7364221194, gameId=7364221194
2025-04-10T19:11:50.453Z [info] main:  _          _       _____           _ _    _ _   
2025-04-10T19:11:50.455Z [info] main: | |    ___ | |     |_   _|__   ___ | | | _(_) |_ 
2025-04-10T19:11:50.455Z [info] main: | |   / _ \| |       | |/ _ \ / _ \| | |/ / | __|
2025-04-10T19:11:50.455Z [info] main: | |__| (_) | |___    | | (_) | (_) | |   <| | |_ 
2025-04-10T19:11:50.455Z [info] main: |_____\___/|_____|   |_|\___/ \___/|_|_|\_\_|\__|
2025-04-10T19:11:50.455Z [info] main: 
2025-04-10T19:11:50.656Z [info] lpte-svc: Initialized event bus.
2025-04-10T19:11:50.657Z [info] module-svc: Initializing module service.
2025-04-10T19:11:52.257Z [info] module-svc: Initialized 16 module(s). Now loading plugins.
2025-04-10T19:11:52.868Z [info] main: LoL Toolkit started up successfully.
2025-04-10T19:11:52.258Z [info] module-svc: Loaded 16 plugin(s).
2025-04-10T19:11:52.869Z [info] module-svc: Plugin status changed: plugin=plugin-prod-clock, old=UNAVAILABLE, new=RUNNING
2025-04-10T19:11:52.869Z [info] module-svc: Plugin status changed: plugin=plugin-database, old=UNAVAILABLE, new=RUNNING
2025-04-10T19:11:52.869Z [info] module-svc: Plugin status changed: plugin=plugin-config, old=UNAVAILABLE, new=RUNNING
2025-04-10T19:11:52.870Z [info] module-svc: Plugin status changed: plugin=module-league-runes, old=UNAVAILABLE, new=RUNNING
2025-04-10T19:11:52.870Z [info] module-svc: Plugin status changed: plugin=module-league-prm, old=UNAVAILABLE, new=RUNNING
2025-04-10T19:11:52.870Z [info] module-svc: Plugin status changed: plugin=module-league-fearless, old=UNAVAILABLE, new=RUNNING
2025-04-10T19:11:52.870Z [info] module-svc: Plugin status changed: plugin=module-league-champselect-ui, old=UNAVAILABLE, new=RUNNING
2025-04-10T19:11:52.871Z [info] module-svc: Plugin status changed: plugin=module-league-caster-cockpit, old=UNAVAILABLE, new=RUNNING
2025-04-10T19:11:52.871Z [info] module-svc: Plugin status changed: plugin=module-caster, old=UNAVAILABLE, new=RUNNING
2025-04-10T19:11:52.866Z [error] module-league-end-of-game: Uncaught error in module-league-end-of-game:  gameDuration is not defined
2025-04-10T19:11:52.880Z [info] module-svc: Plugin status changed: plugin=plugin-webapi, old=UNAVAILABLE, new=RUNNING
2025-04-10T19:11:52.881Z [info] module-svc: Plugin status changed: plugin=module-league-state, old=UNAVAILABLE, new=RUNNING
2025-04-10T19:11:52.881Z [info] module-svc: Plugin status changed: plugin=module-league-in-game, old=UNAVAILABLE, new=RUNNING
2025-04-10T19:11:52.886Z [info] module-svc: Plugin status changed: plugin=plugin-theming, old=UNAVAILABLE, new=RUNNING
2025-04-10T19:11:52.887Z [info] module-svc: Plugin status changed: plugin=module-teams, old=UNAVAILABLE, new=RUNNING
2025-04-10T19:11:53.053Z [info] module-svc: Plugin status changed: plugin=module-league-static, old=UNAVAILABLE, new=RUNNING
2025-04-10T19:11:53.056Z [info] auth: =========================
2025-04-10T19:11:53.057Z [info] auth: Authentication is enabled
2025-04-10T19:11:53.057Z [info] auth: Admin API key: RCVPT-E34PM5D-YFE4BGM-M3AQX5H-9HB69WM
2025-04-10T19:11:53.057Z [info] auth: =========================
2025-04-10T19:11:53.065Z [info] server: Listening for requests on http://localhost:3003
2025-04-10T19:11:56.178Z [info] plugin-webapi: Fetching match data for matchid=EUW1_7364221194
2025-04-10T19:11:56.928Z [info] plugin-webapi: Fetched match for matchId=EUW1_7364221194, gameId=7364221194
2025-04-10T19:12:07.304Z [warn] lpte-svc: Request was sent, but no handler was executed. This will result in a timeout. Meta={"namespace":"module-league-end-of-game","type":"request","version":1,"reply":"request-71bf191d","channelType":"REQUEST"}
2025-04-10T19:12:12.317Z [warn] lpte-svc: Awaiting event timed out. namespace=reply, type=request-71bf191d, timeout=5000
2025-04-10T19:12:12.318Z [error] lpte-svc: Request timed out after 5000ms. Request meta={"namespace":"module-league-end-of-game","type":"request","version":1,"reply":"request-71bf191d","channelType":"REQUEST"}
2025-04-10T19:13:19.939Z [info] main:  _          _       _____           _ _    _ _   
2025-04-10T19:13:19.940Z [info] main: | |    ___ | |     |_   _|__   ___ | | | _(_) |_ 
2025-04-10T19:13:19.941Z [info] main: | |   / _ \| |       | |/ _ \ / _ \| | |/ / | __|
2025-04-10T19:13:19.941Z [info] main: | |__| (_) | |___    | | (_) | (_) | |   <| | |_ 
2025-04-10T19:13:19.941Z [info] main: |_____\___/|_____|   |_|\___/ \___/|_|_|\_\_|\__|
2025-04-10T19:13:19.941Z [info] main: 
2025-04-10T19:13:20.123Z [info] lpte-svc: Initialized event bus.
2025-04-10T19:13:20.124Z [info] module-svc: Initializing module service.
2025-04-10T19:13:20.493Z [info] module-svc: Initialized 16 module(s). Now loading plugins.
2025-04-10T19:13:20.978Z [info] main: LoL Toolkit started up successfully.
2025-04-10T19:13:20.493Z [info] module-svc: Loaded 16 plugin(s).
2025-04-10T19:13:20.979Z [info] module-svc: Plugin status changed: plugin=plugin-prod-clock, old=UNAVAILABLE, new=RUNNING
2025-04-10T19:13:20.979Z [info] module-svc: Plugin status changed: plugin=plugin-database, old=UNAVAILABLE, new=RUNNING
2025-04-10T19:13:20.979Z [info] module-svc: Plugin status changed: plugin=plugin-config, old=UNAVAILABLE, new=RUNNING
2025-04-10T19:13:20.980Z [info] module-svc: Plugin status changed: plugin=module-league-runes, old=UNAVAILABLE, new=RUNNING
2025-04-10T19:13:20.980Z [info] module-svc: Plugin status changed: plugin=module-league-prm, old=UNAVAILABLE, new=RUNNING
2025-04-10T19:13:20.980Z [info] module-svc: Plugin status changed: plugin=module-league-fearless, old=UNAVAILABLE, new=RUNNING
2025-04-10T19:13:20.980Z [info] module-svc: Plugin status changed: plugin=module-league-champselect-ui, old=UNAVAILABLE, new=RUNNING
2025-04-10T19:13:20.981Z [info] module-svc: Plugin status changed: plugin=module-league-caster-cockpit, old=UNAVAILABLE, new=RUNNING
2025-04-10T19:13:20.981Z [info] module-svc: Plugin status changed: plugin=module-caster, old=UNAVAILABLE, new=RUNNING
2025-04-10T19:13:20.976Z [error] module-league-end-of-game: Uncaught error in module-league-end-of-game:  gameDuration is not defined
2025-04-10T19:13:20.989Z [info] module-svc: Plugin status changed: plugin=plugin-webapi, old=UNAVAILABLE, new=RUNNING
2025-04-10T19:13:20.989Z [info] module-svc: Plugin status changed: plugin=module-league-state, old=UNAVAILABLE, new=RUNNING
2025-04-10T19:13:20.990Z [info] module-svc: Plugin status changed: plugin=module-league-in-game, old=UNAVAILABLE, new=RUNNING
2025-04-10T19:13:20.995Z [info] module-svc: Plugin status changed: plugin=plugin-theming, old=UNAVAILABLE, new=RUNNING
2025-04-10T19:13:20.996Z [info] module-svc: Plugin status changed: plugin=module-teams, old=UNAVAILABLE, new=RUNNING
2025-04-10T19:13:21.146Z [info] module-svc: Plugin status changed: plugin=module-league-static, old=UNAVAILABLE, new=RUNNING
2025-04-10T19:13:21.154Z [info] auth: =========================
2025-04-10T19:13:21.154Z [info] auth: Authentication is enabled
2025-04-10T19:13:21.154Z [info] auth: Admin API key: RCVPT-E34PM5D-YFE4BGM-M3AQX5H-9HB69WM
2025-04-10T19:13:21.154Z [info] auth: =========================
2025-04-10T19:13:21.160Z [info] server: Listening for requests on http://localhost:3003
2025-04-10T19:13:25.822Z [info] plugin-webapi: Fetching match data for matchid=EUW1_7364221194
2025-04-10T19:13:26.378Z [info] plugin-webapi: Fetched match for matchId=EUW1_7364221194, gameId=7364221194
2025-04-10T19:15:01.472Z [info] main:  _          _       _____           _ _    _ _   
2025-04-10T19:15:01.473Z [info] main: | |    ___ | |     |_   _|__   ___ | | | _(_) |_ 
2025-04-10T19:15:01.474Z [info] main: | |   / _ \| |       | |/ _ \ / _ \| | |/ / | __|
2025-04-10T19:15:01.474Z [info] main: | |__| (_) | |___    | | (_) | (_) | |   <| | |_ 
2025-04-10T19:15:01.474Z [info] main: |_____\___/|_____|   |_|\___/ \___/|_|_|\_\_|\__|
2025-04-10T19:15:01.474Z [info] main: 
2025-04-10T19:15:01.819Z [info] lpte-svc: Initialized event bus.
2025-04-10T19:15:01.820Z [info] module-svc: Initializing module service.
2025-04-10T19:15:02.213Z [info] module-svc: Initialized 16 module(s). Now loading plugins.
2025-04-10T19:15:02.763Z [info] main: LoL Toolkit started up successfully.
2025-04-10T19:15:02.214Z [info] module-svc: Loaded 16 plugin(s).
2025-04-10T19:15:02.764Z [info] module-svc: Plugin status changed: plugin=plugin-prod-clock, old=UNAVAILABLE, new=RUNNING
2025-04-10T19:15:02.764Z [info] module-svc: Plugin status changed: plugin=plugin-database, old=UNAVAILABLE, new=RUNNING
2025-04-10T19:15:02.764Z [info] module-svc: Plugin status changed: plugin=plugin-config, old=UNAVAILABLE, new=RUNNING
2025-04-10T19:15:02.765Z [info] module-svc: Plugin status changed: plugin=module-league-runes, old=UNAVAILABLE, new=RUNNING
2025-04-10T19:15:02.765Z [info] module-svc: Plugin status changed: plugin=module-league-prm, old=UNAVAILABLE, new=RUNNING
2025-04-10T19:15:02.765Z [info] module-svc: Plugin status changed: plugin=module-league-fearless, old=UNAVAILABLE, new=RUNNING
2025-04-10T19:15:02.765Z [info] module-svc: Plugin status changed: plugin=module-league-champselect-ui, old=UNAVAILABLE, new=RUNNING
2025-04-10T19:15:02.766Z [info] module-svc: Plugin status changed: plugin=module-league-caster-cockpit, old=UNAVAILABLE, new=RUNNING
2025-04-10T19:15:02.766Z [info] module-svc: Plugin status changed: plugin=module-caster, old=UNAVAILABLE, new=RUNNING
2025-04-10T19:15:02.783Z [info] module-svc: Plugin status changed: plugin=plugin-webapi, old=UNAVAILABLE, new=RUNNING
2025-04-10T19:15:02.783Z [info] module-svc: Plugin status changed: plugin=module-league-state, old=UNAVAILABLE, new=RUNNING
2025-04-10T19:15:02.761Z [error] module-league-end-of-game: Uncaught error in module-league-end-of-game:  gameDuration is not defined
2025-04-10T19:15:02.785Z [info] module-svc: Plugin status changed: plugin=module-league-in-game, old=UNAVAILABLE, new=RUNNING
2025-04-10T19:15:02.788Z [info] module-svc: Plugin status changed: plugin=plugin-theming, old=UNAVAILABLE, new=RUNNING
2025-04-10T19:15:02.790Z [info] module-svc: Plugin status changed: plugin=module-teams, old=UNAVAILABLE, new=RUNNING
2025-04-10T19:15:02.944Z [info] module-svc: Plugin status changed: plugin=module-league-static, old=UNAVAILABLE, new=RUNNING
2025-04-10T19:15:02.948Z [info] auth: =========================
2025-04-10T19:15:02.949Z [info] auth: Authentication is enabled
2025-04-10T19:15:02.949Z [info] auth: Admin API key: RCVPT-E34PM5D-YFE4BGM-M3AQX5H-9HB69WM
2025-04-10T19:15:02.949Z [info] auth: =========================
2025-04-10T19:15:02.953Z [info] server: Listening for requests on http://localhost:3003
2025-04-10T19:15:03.179Z [info] plugin-webapi: Fetching match data for matchid=EUW1_7364221194
2025-04-10T19:15:03.719Z [info] plugin-webapi: Fetched match for matchId=EUW1_7364221194, gameId=7364221194
2025-04-10T19:15:32.626Z [info] main:  _          _       _____           _ _    _ _   
2025-04-10T19:15:32.627Z [info] main: | |    ___ | |     |_   _|__   ___ | | | _(_) |_ 
2025-04-10T19:15:32.628Z [info] main: | |   / _ \| |       | |/ _ \ / _ \| | |/ / | __|
2025-04-10T19:15:32.628Z [info] main: | |__| (_) | |___    | | (_) | (_) | |   <| | |_ 
2025-04-10T19:15:32.628Z [info] main: |_____\___/|_____|   |_|\___/ \___/|_|_|\_\_|\__|
2025-04-10T19:15:32.628Z [info] main: 
2025-04-10T19:15:32.765Z [info] lpte-svc: Initialized event bus.
2025-04-10T19:15:32.766Z [info] module-svc: Initializing module service.
2025-04-10T19:15:33.142Z [info] module-svc: Initialized 16 module(s). Now loading plugins.
2025-04-10T19:15:33.630Z [info] main: LoL Toolkit started up successfully.
2025-04-10T19:15:33.142Z [info] module-svc: Loaded 16 plugin(s).
2025-04-10T19:15:33.630Z [info] module-svc: Plugin status changed: plugin=plugin-prod-clock, old=UNAVAILABLE, new=RUNNING
2025-04-10T19:15:33.630Z [info] module-svc: Plugin status changed: plugin=plugin-database, old=UNAVAILABLE, new=RUNNING
2025-04-10T19:15:33.630Z [info] module-svc: Plugin status changed: plugin=plugin-config, old=UNAVAILABLE, new=RUNNING
2025-04-10T19:15:33.631Z [info] module-svc: Plugin status changed: plugin=module-league-runes, old=UNAVAILABLE, new=RUNNING
2025-04-10T19:15:33.631Z [info] module-svc: Plugin status changed: plugin=module-league-prm, old=UNAVAILABLE, new=RUNNING
2025-04-10T19:15:33.631Z [info] module-svc: Plugin status changed: plugin=module-league-fearless, old=UNAVAILABLE, new=RUNNING
2025-04-10T19:15:33.631Z [info] module-svc: Plugin status changed: plugin=module-league-champselect-ui, old=UNAVAILABLE, new=RUNNING
2025-04-10T19:15:33.631Z [info] module-svc: Plugin status changed: plugin=module-league-caster-cockpit, old=UNAVAILABLE, new=RUNNING
2025-04-10T19:15:33.632Z [info] module-svc: Plugin status changed: plugin=module-caster, old=UNAVAILABLE, new=RUNNING
2025-04-10T19:15:33.628Z [error] module-league-end-of-game: Uncaught error in module-league-end-of-game:  gameDuration is not defined
2025-04-10T19:15:33.645Z [info] module-svc: Plugin status changed: plugin=plugin-webapi, old=UNAVAILABLE, new=RUNNING
2025-04-10T19:15:33.645Z [info] module-svc: Plugin status changed: plugin=module-league-state, old=UNAVAILABLE, new=RUNNING
2025-04-10T19:15:33.646Z [info] module-svc: Plugin status changed: plugin=module-league-in-game, old=UNAVAILABLE, new=RUNNING
2025-04-10T19:15:33.648Z [info] module-svc: Plugin status changed: plugin=plugin-theming, old=UNAVAILABLE, new=RUNNING
2025-04-10T19:15:33.649Z [info] module-svc: Plugin status changed: plugin=module-teams, old=UNAVAILABLE, new=RUNNING
2025-04-10T19:15:33.804Z [info] module-svc: Plugin status changed: plugin=module-league-static, old=UNAVAILABLE, new=RUNNING
2025-04-10T19:15:33.808Z [info] auth: =========================
2025-04-10T19:15:33.808Z [info] auth: Authentication is enabled
2025-04-10T19:15:33.808Z [info] auth: Admin API key: RCVPT-E34PM5D-YFE4BGM-M3AQX5H-9HB69WM
2025-04-10T19:15:33.808Z [info] auth: =========================
2025-04-10T19:15:33.814Z [info] server: Listening for requests on http://localhost:3003
2025-04-10T19:15:33.977Z [info] plugin-webapi: Fetching match data for matchid=EUW1_7364221194
2025-04-10T19:15:34.575Z [info] plugin-webapi: Fetched match for matchId=EUW1_7364221194, gameId=7364221194
2025-04-10T19:15:56.307Z [info] main:  _          _       _____           _ _    _ _   
2025-04-10T19:15:56.308Z [info] main: | |    ___ | |     |_   _|__   ___ | | | _(_) |_ 
2025-04-10T19:15:56.309Z [info] main: | |   / _ \| |       | |/ _ \ / _ \| | |/ / | __|
2025-04-10T19:15:56.309Z [info] main: | |__| (_) | |___    | | (_) | (_) | |   <| | |_ 
2025-04-10T19:15:56.309Z [info] main: |_____\___/|_____|   |_|\___/ \___/|_|_|\_\_|\__|
2025-04-10T19:15:56.309Z [info] main: 
2025-04-10T19:15:56.705Z [info] lpte-svc: Initialized event bus.
2025-04-10T19:15:56.706Z [info] module-svc: Initializing module service.
2025-04-10T19:15:57.025Z [info] module-svc: Initialized 16 module(s). Now loading plugins.
2025-04-10T19:15:57.560Z [info] main: LoL Toolkit started up successfully.
2025-04-10T19:15:57.026Z [info] module-svc: Loaded 16 plugin(s).
2025-04-10T19:15:57.561Z [info] module-svc: Plugin status changed: plugin=plugin-prod-clock, old=UNAVAILABLE, new=RUNNING
2025-04-10T19:15:57.561Z [info] module-svc: Plugin status changed: plugin=plugin-database, old=UNAVAILABLE, new=RUNNING
2025-04-10T19:15:57.561Z [info] module-svc: Plugin status changed: plugin=plugin-config, old=UNAVAILABLE, new=RUNNING
2025-04-10T19:15:57.562Z [info] module-svc: Plugin status changed: plugin=module-league-runes, old=UNAVAILABLE, new=RUNNING
2025-04-10T19:15:57.562Z [info] module-svc: Plugin status changed: plugin=module-league-prm, old=UNAVAILABLE, new=RUNNING
2025-04-10T19:15:57.563Z [info] module-svc: Plugin status changed: plugin=module-league-fearless, old=UNAVAILABLE, new=RUNNING
2025-04-10T19:15:57.563Z [info] module-svc: Plugin status changed: plugin=module-league-champselect-ui, old=UNAVAILABLE, new=RUNNING
2025-04-10T19:15:57.563Z [info] module-svc: Plugin status changed: plugin=module-league-caster-cockpit, old=UNAVAILABLE, new=RUNNING
2025-04-10T19:15:57.563Z [info] module-svc: Plugin status changed: plugin=module-caster, old=UNAVAILABLE, new=RUNNING
2025-04-10T19:15:57.571Z [info] module-svc: Plugin status changed: plugin=plugin-webapi, old=UNAVAILABLE, new=RUNNING
2025-04-10T19:15:57.572Z [info] module-svc: Plugin status changed: plugin=module-league-state, old=UNAVAILABLE, new=RUNNING
2025-04-10T19:15:57.559Z [error] module-league-end-of-game: Uncaught error in module-league-end-of-game:  gameDuration is not defined
2025-04-10T19:15:57.577Z [info] module-svc: Plugin status changed: plugin=module-league-in-game, old=UNAVAILABLE, new=RUNNING
2025-04-10T19:15:57.581Z [info] module-svc: Plugin status changed: plugin=plugin-theming, old=UNAVAILABLE, new=RUNNING
2025-04-10T19:15:57.583Z [info] module-svc: Plugin status changed: plugin=module-teams, old=UNAVAILABLE, new=RUNNING
2025-04-10T19:15:57.741Z [info] module-svc: Plugin status changed: plugin=module-league-static, old=UNAVAILABLE, new=RUNNING
2025-04-10T19:15:57.744Z [info] auth: =========================
2025-04-10T19:15:57.745Z [info] auth: Authentication is enabled
2025-04-10T19:15:57.745Z [info] auth: Admin API key: RCVPT-E34PM5D-YFE4BGM-M3AQX5H-9HB69WM
2025-04-10T19:15:57.745Z [info] auth: =========================
2025-04-10T19:15:57.749Z [info] server: Listening for requests on http://localhost:3003
2025-04-10T19:16:00.185Z [info] plugin-webapi: Fetching match data for matchid=EUW1_7364221194
2025-04-10T19:16:00.686Z [info] plugin-webapi: Fetched match for matchId=EUW1_7364221194, gameId=7364221194
2025-04-10T19:16:28.039Z [info] main:  _          _       _____           _ _    _ _   
2025-04-10T19:16:28.041Z [info] main: | |    ___ | |     |_   _|__   ___ | | | _(_) |_ 
2025-04-10T19:16:28.041Z [info] main: | |   / _ \| |       | |/ _ \ / _ \| | |/ / | __|
2025-04-10T19:16:28.041Z [info] main: | |__| (_) | |___    | | (_) | (_) | |   <| | |_ 
2025-04-10T19:16:28.041Z [info] main: |_____\___/|_____|   |_|\___/ \___/|_|_|\_\_|\__|
2025-04-10T19:16:28.042Z [info] main: 
2025-04-10T19:16:28.188Z [info] lpte-svc: Initialized event bus.
2025-04-10T19:16:28.189Z [info] module-svc: Initializing module service.
2025-04-10T19:16:29.575Z [info] module-svc: Initialized 16 module(s). Now loading plugins.
2025-04-10T19:16:30.131Z [info] main: LoL Toolkit started up successfully.
2025-04-10T19:16:29.575Z [info] module-svc: Loaded 16 plugin(s).
2025-04-10T19:16:30.131Z [info] module-svc: Plugin status changed: plugin=plugin-prod-clock, old=UNAVAILABLE, new=RUNNING
2025-04-10T19:16:30.132Z [info] module-svc: Plugin status changed: plugin=plugin-database, old=UNAVAILABLE, new=RUNNING
2025-04-10T19:16:30.132Z [info] module-svc: Plugin status changed: plugin=plugin-config, old=UNAVAILABLE, new=RUNNING
2025-04-10T19:16:30.132Z [info] module-svc: Plugin status changed: plugin=module-league-runes, old=UNAVAILABLE, new=RUNNING
2025-04-10T19:16:30.133Z [info] module-svc: Plugin status changed: plugin=module-league-prm, old=UNAVAILABLE, new=RUNNING
2025-04-10T19:16:30.133Z [info] module-svc: Plugin status changed: plugin=module-league-fearless, old=UNAVAILABLE, new=RUNNING
2025-04-10T19:16:30.133Z [info] module-svc: Plugin status changed: plugin=module-league-end-of-game, old=UNAVAILABLE, new=RUNNING
2025-04-10T19:16:30.133Z [info] module-svc: Plugin status changed: plugin=module-league-champselect-ui, old=UNAVAILABLE, new=RUNNING
2025-04-10T19:16:30.133Z [info] module-svc: Plugin status changed: plugin=module-league-caster-cockpit, old=UNAVAILABLE, new=RUNNING
2025-04-10T19:16:30.134Z [info] module-svc: Plugin status changed: plugin=module-caster, old=UNAVAILABLE, new=RUNNING
2025-04-10T19:16:30.141Z [info] module-svc: Plugin status changed: plugin=plugin-webapi, old=UNAVAILABLE, new=RUNNING
2025-04-10T19:16:30.141Z [info] module-svc: Plugin status changed: plugin=module-league-state, old=UNAVAILABLE, new=RUNNING
2025-04-10T19:16:30.145Z [info] module-svc: Plugin status changed: plugin=module-league-in-game, old=UNAVAILABLE, new=RUNNING
2025-04-10T19:16:30.148Z [info] module-svc: Plugin status changed: plugin=plugin-theming, old=UNAVAILABLE, new=RUNNING
2025-04-10T19:16:30.149Z [info] module-svc: Plugin status changed: plugin=module-teams, old=UNAVAILABLE, new=RUNNING
2025-04-10T19:16:30.290Z [info] module-svc: Plugin status changed: plugin=module-league-static, old=UNAVAILABLE, new=RUNNING
2025-04-10T19:16:30.296Z [info] auth: =========================
2025-04-10T19:16:30.296Z [info] auth: Authentication is enabled
2025-04-10T19:16:30.297Z [info] auth: Admin API key: RCVPT-E34PM5D-YFE4BGM-M3AQX5H-9HB69WM
2025-04-10T19:16:30.297Z [info] auth: =========================
2025-04-10T19:16:30.302Z [info] server: Listening for requests on http://localhost:3003
2025-04-10T19:16:33.179Z [info] plugin-webapi: Fetching match data for matchid=EUW1_7364221194
2025-04-10T19:16:33.683Z [info] plugin-webapi: Fetched match for matchId=EUW1_7364221194, gameId=7364221194
2025-04-10T19:17:31.966Z [info] main:  _          _       _____           _ _    _ _   
2025-04-10T19:17:31.968Z [info] main: | |    ___ | |     |_   _|__   ___ | | | _(_) |_ 
2025-04-10T19:17:31.968Z [info] main: | |   / _ \| |       | |/ _ \ / _ \| | |/ / | __|
2025-04-10T19:17:31.968Z [info] main: | |__| (_) | |___    | | (_) | (_) | |   <| | |_ 
2025-04-10T19:17:31.968Z [info] main: |_____\___/|_____|   |_|\___/ \___/|_|_|\_\_|\__|
2025-04-10T19:17:31.968Z [info] main: 
2025-04-10T19:17:32.164Z [info] lpte-svc: Initialized event bus.
2025-04-10T19:17:32.164Z [info] module-svc: Initializing module service.
2025-04-10T19:17:32.639Z [info] module-svc: Initialized 16 module(s). Now loading plugins.
2025-04-10T19:17:33.180Z [info] main: LoL Toolkit started up successfully.
2025-04-10T19:17:32.640Z [info] module-svc: Loaded 16 plugin(s).
2025-04-10T19:17:33.181Z [info] module-svc: Plugin status changed: plugin=plugin-prod-clock, old=UNAVAILABLE, new=RUNNING
2025-04-10T19:17:33.182Z [info] module-svc: Plugin status changed: plugin=plugin-database, old=UNAVAILABLE, new=RUNNING
2025-04-10T19:17:33.182Z [info] module-svc: Plugin status changed: plugin=plugin-config, old=UNAVAILABLE, new=RUNNING
2025-04-10T19:17:33.183Z [info] module-svc: Plugin status changed: plugin=module-league-runes, old=UNAVAILABLE, new=RUNNING
2025-04-10T19:17:33.183Z [info] module-svc: Plugin status changed: plugin=module-league-prm, old=UNAVAILABLE, new=RUNNING
2025-04-10T19:17:33.184Z [info] module-svc: Plugin status changed: plugin=module-league-fearless, old=UNAVAILABLE, new=RUNNING
2025-04-10T19:17:33.184Z [info] module-svc: Plugin status changed: plugin=module-league-end-of-game, old=UNAVAILABLE, new=RUNNING
2025-04-10T19:17:33.184Z [info] module-svc: Plugin status changed: plugin=module-league-champselect-ui, old=UNAVAILABLE, new=RUNNING
2025-04-10T19:17:33.184Z [info] module-svc: Plugin status changed: plugin=module-league-caster-cockpit, old=UNAVAILABLE, new=RUNNING
2025-04-10T19:17:33.186Z [info] module-svc: Plugin status changed: plugin=module-caster, old=UNAVAILABLE, new=RUNNING
2025-04-10T19:17:33.200Z [info] module-svc: Plugin status changed: plugin=plugin-webapi, old=UNAVAILABLE, new=RUNNING
2025-04-10T19:17:33.201Z [info] module-svc: Plugin status changed: plugin=module-league-state, old=UNAVAILABLE, new=RUNNING
2025-04-10T19:17:33.202Z [info] module-svc: Plugin status changed: plugin=module-league-in-game, old=UNAVAILABLE, new=RUNNING
2025-04-10T19:17:33.204Z [info] module-svc: Plugin status changed: plugin=plugin-theming, old=UNAVAILABLE, new=RUNNING
2025-04-10T19:17:33.205Z [info] module-svc: Plugin status changed: plugin=module-teams, old=UNAVAILABLE, new=RUNNING
2025-04-10T19:17:33.365Z [info] module-svc: Plugin status changed: plugin=module-league-static, old=UNAVAILABLE, new=RUNNING
2025-04-10T19:17:33.370Z [info] auth: =========================
2025-04-10T19:17:33.370Z [info] auth: Authentication is enabled
2025-04-10T19:17:33.370Z [info] auth: Admin API key: RCVPT-E34PM5D-YFE4BGM-M3AQX5H-9HB69WM
2025-04-10T19:17:33.370Z [info] auth: =========================
2025-04-10T19:17:33.374Z [info] server: Listening for requests on http://localhost:3003
2025-04-10T19:17:37.895Z [info] plugin-webapi: Fetching match data for matchid=EUW1_7364221194
2025-04-10T19:17:38.458Z [info] plugin-webapi: Fetched match for matchId=EUW1_7364221194, gameId=7364221194
2025-04-10T19:19:24.869Z [info] main:  _          _       _____           _ _    _ _   
2025-04-10T19:19:24.871Z [info] main: | |    ___ | |     |_   _|__   ___ | | | _(_) |_ 
2025-04-10T19:19:24.871Z [info] main: | |   / _ \| |       | |/ _ \ / _ \| | |/ / | __|
2025-04-10T19:19:24.871Z [info] main: | |__| (_) | |___    | | (_) | (_) | |   <| | |_ 
2025-04-10T19:19:24.872Z [info] main: |_____\___/|_____|   |_|\___/ \___/|_|_|\_\_|\__|
2025-04-10T19:19:24.872Z [info] main: 
2025-04-10T19:19:25.024Z [info] lpte-svc: Initialized event bus.
2025-04-10T19:19:25.024Z [info] module-svc: Initializing module service.
2025-04-10T19:19:25.406Z [info] module-svc: Initialized 16 module(s). Now loading plugins.
2025-04-10T19:19:25.927Z [info] main: LoL Toolkit started up successfully.
2025-04-10T19:19:25.407Z [info] module-svc: Loaded 16 plugin(s).
2025-04-10T19:19:25.927Z [info] module-svc: Plugin status changed: plugin=plugin-prod-clock, old=UNAVAILABLE, new=RUNNING
2025-04-10T19:19:25.928Z [info] module-svc: Plugin status changed: plugin=plugin-database, old=UNAVAILABLE, new=RUNNING
2025-04-10T19:19:25.928Z [info] module-svc: Plugin status changed: plugin=plugin-config, old=UNAVAILABLE, new=RUNNING
2025-04-10T19:19:25.929Z [info] module-svc: Plugin status changed: plugin=module-league-runes, old=UNAVAILABLE, new=RUNNING
2025-04-10T19:19:25.929Z [info] module-svc: Plugin status changed: plugin=module-league-prm, old=UNAVAILABLE, new=RUNNING
2025-04-10T19:19:25.929Z [info] module-svc: Plugin status changed: plugin=module-league-fearless, old=UNAVAILABLE, new=RUNNING
2025-04-10T19:19:25.929Z [info] module-svc: Plugin status changed: plugin=module-league-end-of-game, old=UNAVAILABLE, new=RUNNING
2025-04-10T19:19:25.929Z [info] module-svc: Plugin status changed: plugin=module-league-champselect-ui, old=UNAVAILABLE, new=RUNNING
2025-04-10T19:19:25.929Z [info] module-svc: Plugin status changed: plugin=module-league-caster-cockpit, old=UNAVAILABLE, new=RUNNING
2025-04-10T19:19:25.931Z [info] module-svc: Plugin status changed: plugin=module-caster, old=UNAVAILABLE, new=RUNNING
2025-04-10T19:19:25.943Z [info] module-svc: Plugin status changed: plugin=plugin-webapi, old=UNAVAILABLE, new=RUNNING
2025-04-10T19:19:25.943Z [info] module-svc: Plugin status changed: plugin=module-league-state, old=UNAVAILABLE, new=RUNNING
2025-04-10T19:19:25.944Z [info] module-svc: Plugin status changed: plugin=module-league-in-game, old=UNAVAILABLE, new=RUNNING
2025-04-10T19:19:25.947Z [info] module-svc: Plugin status changed: plugin=plugin-theming, old=UNAVAILABLE, new=RUNNING
2025-04-10T19:19:25.948Z [info] module-svc: Plugin status changed: plugin=module-teams, old=UNAVAILABLE, new=RUNNING
2025-04-10T19:19:26.119Z [info] module-svc: Plugin status changed: plugin=module-league-static, old=UNAVAILABLE, new=RUNNING
2025-04-10T19:19:26.125Z [info] auth: =========================
2025-04-10T19:19:26.126Z [info] auth: Authentication is enabled
2025-04-10T19:19:26.126Z [info] auth: Admin API key: RCVPT-E34PM5D-YFE4BGM-M3AQX5H-9HB69WM
2025-04-10T19:19:26.126Z [info] auth: =========================
2025-04-10T19:19:26.131Z [info] server: Listening for requests on http://localhost:3003
2025-04-10T19:19:30.854Z [info] plugin-webapi: Fetching match data for matchid=EUW1_7364221194
2025-04-10T19:19:31.425Z [info] plugin-webapi: Fetched match for matchId=EUW1_7364221194, gameId=7364221194
2025-04-10T19:20:19.967Z [info] main:  _          _       _____           _ _    _ _   
2025-04-10T19:20:19.968Z [info] main: | |    ___ | |     |_   _|__   ___ | | | _(_) |_ 
2025-04-10T19:20:19.969Z [info] main: | |   / _ \| |       | |/ _ \ / _ \| | |/ / | __|
2025-04-10T19:20:19.969Z [info] main: | |__| (_) | |___    | | (_) | (_) | |   <| | |_ 
2025-04-10T19:20:19.970Z [info] main: |_____\___/|_____|   |_|\___/ \___/|_|_|\_\_|\__|
2025-04-10T19:20:19.970Z [info] main: 
2025-04-10T19:20:20.114Z [info] lpte-svc: Initialized event bus.
2025-04-10T19:20:20.114Z [info] module-svc: Initializing module service.
2025-04-10T19:20:20.458Z [info] module-svc: Initialized 16 module(s). Now loading plugins.
2025-04-10T19:20:20.954Z [info] main: LoL Toolkit started up successfully.
2025-04-10T19:20:20.458Z [info] module-svc: Loaded 16 plugin(s).
2025-04-10T19:20:20.955Z [info] module-svc: Plugin status changed: plugin=plugin-prod-clock, old=UNAVAILABLE, new=RUNNING
2025-04-10T19:20:20.955Z [info] module-svc: Plugin status changed: plugin=plugin-database, old=UNAVAILABLE, new=RUNNING
2025-04-10T19:20:20.955Z [info] module-svc: Plugin status changed: plugin=plugin-config, old=UNAVAILABLE, new=RUNNING
2025-04-10T19:20:20.956Z [info] module-svc: Plugin status changed: plugin=module-league-runes, old=UNAVAILABLE, new=RUNNING
2025-04-10T19:20:20.956Z [info] module-svc: Plugin status changed: plugin=module-league-prm, old=UNAVAILABLE, new=RUNNING
2025-04-10T19:20:20.957Z [info] module-svc: Plugin status changed: plugin=module-league-fearless, old=UNAVAILABLE, new=RUNNING
2025-04-10T19:20:20.957Z [info] module-svc: Plugin status changed: plugin=module-league-end-of-game, old=UNAVAILABLE, new=RUNNING
2025-04-10T19:20:20.957Z [info] module-svc: Plugin status changed: plugin=module-league-champselect-ui, old=UNAVAILABLE, new=RUNNING
2025-04-10T19:20:20.957Z [info] module-svc: Plugin status changed: plugin=module-league-caster-cockpit, old=UNAVAILABLE, new=RUNNING
2025-04-10T19:20:20.959Z [info] module-svc: Plugin status changed: plugin=module-caster, old=UNAVAILABLE, new=RUNNING
2025-04-10T19:20:20.969Z [info] module-svc: Plugin status changed: plugin=plugin-webapi, old=UNAVAILABLE, new=RUNNING
2025-04-10T19:20:20.970Z [info] module-svc: Plugin status changed: plugin=module-league-state, old=UNAVAILABLE, new=RUNNING
2025-04-10T19:20:20.970Z [info] module-svc: Plugin status changed: plugin=module-league-in-game, old=UNAVAILABLE, new=RUNNING
2025-04-10T19:20:20.972Z [info] module-svc: Plugin status changed: plugin=plugin-theming, old=UNAVAILABLE, new=RUNNING
2025-04-10T19:20:20.973Z [info] module-svc: Plugin status changed: plugin=module-teams, old=UNAVAILABLE, new=RUNNING
2025-04-10T19:20:21.125Z [info] module-svc: Plugin status changed: plugin=module-league-static, old=UNAVAILABLE, new=RUNNING
2025-04-10T19:20:21.131Z [info] auth: =========================
2025-04-10T19:20:21.131Z [info] auth: Authentication is enabled
2025-04-10T19:20:21.131Z [info] auth: Admin API key: RCVPT-E34PM5D-YFE4BGM-M3AQX5H-9HB69WM
2025-04-10T19:20:21.131Z [info] auth: =========================
2025-04-10T19:20:21.137Z [info] server: Listening for requests on http://localhost:3003
2025-04-10T19:20:25.917Z [info] plugin-webapi: Fetching match data for matchid=EUW1_7364221194
2025-04-10T19:20:26.455Z [info] plugin-webapi: Fetched match for matchId=EUW1_7364221194, gameId=7364221194
2025-04-10T19:20:51.561Z [info] main:  _          _       _____           _ _    _ _   
2025-04-10T19:20:51.562Z [info] main: | |    ___ | |     |_   _|__   ___ | | | _(_) |_ 
2025-04-10T19:20:51.562Z [info] main: | |   / _ \| |       | |/ _ \ / _ \| | |/ / | __|
2025-04-10T19:20:51.563Z [info] main: | |__| (_) | |___    | | (_) | (_) | |   <| | |_ 
2025-04-10T19:20:51.563Z [info] main: |_____\___/|_____|   |_|\___/ \___/|_|_|\_\_|\__|
2025-04-10T19:20:51.563Z [info] main: 
2025-04-10T19:20:51.757Z [info] lpte-svc: Initialized event bus.
2025-04-10T19:20:51.757Z [info] module-svc: Initializing module service.
2025-04-10T19:20:52.129Z [info] module-svc: Initialized 16 module(s). Now loading plugins.
2025-04-10T19:20:52.658Z [info] main: LoL Toolkit started up successfully.
2025-04-10T19:20:52.130Z [info] module-svc: Loaded 16 plugin(s).
2025-04-10T19:20:52.659Z [info] module-svc: Plugin status changed: plugin=plugin-prod-clock, old=UNAVAILABLE, new=RUNNING
2025-04-10T19:20:52.659Z [info] module-svc: Plugin status changed: plugin=plugin-database, old=UNAVAILABLE, new=RUNNING
2025-04-10T19:20:52.660Z [info] module-svc: Plugin status changed: plugin=plugin-config, old=UNAVAILABLE, new=RUNNING
2025-04-10T19:20:52.660Z [info] module-svc: Plugin status changed: plugin=module-league-runes, old=UNAVAILABLE, new=RUNNING
2025-04-10T19:20:52.660Z [info] module-svc: Plugin status changed: plugin=module-league-prm, old=UNAVAILABLE, new=RUNNING
2025-04-10T19:20:52.660Z [info] module-svc: Plugin status changed: plugin=module-league-fearless, old=UNAVAILABLE, new=RUNNING
2025-04-10T19:20:52.661Z [info] module-svc: Plugin status changed: plugin=module-league-end-of-game, old=UNAVAILABLE, new=RUNNING
2025-04-10T19:20:52.661Z [info] module-svc: Plugin status changed: plugin=module-league-champselect-ui, old=UNAVAILABLE, new=RUNNING
2025-04-10T19:20:52.661Z [info] module-svc: Plugin status changed: plugin=module-league-caster-cockpit, old=UNAVAILABLE, new=RUNNING
2025-04-10T19:20:52.661Z [info] module-svc: Plugin status changed: plugin=module-caster, old=UNAVAILABLE, new=RUNNING
2025-04-10T19:20:52.669Z [info] module-svc: Plugin status changed: plugin=plugin-webapi, old=UNAVAILABLE, new=RUNNING
2025-04-10T19:20:52.670Z [info] module-svc: Plugin status changed: plugin=module-league-state, old=UNAVAILABLE, new=RUNNING
2025-04-10T19:20:52.674Z [info] module-svc: Plugin status changed: plugin=module-league-in-game, old=UNAVAILABLE, new=RUNNING
2025-04-10T19:20:52.677Z [info] module-svc: Plugin status changed: plugin=plugin-theming, old=UNAVAILABLE, new=RUNNING
2025-04-10T19:20:52.677Z [info] module-svc: Plugin status changed: plugin=module-teams, old=UNAVAILABLE, new=RUNNING
2025-04-10T19:20:52.826Z [info] module-svc: Plugin status changed: plugin=module-league-static, old=UNAVAILABLE, new=RUNNING
2025-04-10T19:20:52.832Z [info] auth: =========================
2025-04-10T19:20:52.832Z [info] auth: Authentication is enabled
2025-04-10T19:20:52.832Z [info] auth: Admin API key: RCVPT-E34PM5D-YFE4BGM-M3AQX5H-9HB69WM
2025-04-10T19:20:52.832Z [info] auth: =========================
2025-04-10T19:20:52.838Z [info] server: Listening for requests on http://localhost:3003
2025-04-10T19:20:53.012Z [info] plugin-webapi: Fetching match data for matchid=EUW1_7364221194
2025-04-10T19:20:53.639Z [info] plugin-webapi: Fetched match for matchId=EUW1_7364221194, gameId=7364221194
2025-04-10T20:00:15.469Z [warn] auth: jwt expired
2025-04-10T20:02:22.534Z [warn] auth: jwt expired
2025-04-10T20:03:59.932Z [warn] auth: jwt expired
2025-04-10T20:06:12.537Z [warn] auth: jwt expired
2025-04-10T20:07:22.123Z [warn] auth: jwt expired
2025-04-10T20:08:18.556Z [warn] auth: jwt expired
2025-04-10T20:12:34.968Z [warn] auth: jwt expired
2025-04-10T20:14:58.094Z [warn] auth: jwt expired
2025-04-10T20:17:09.145Z [warn] auth: jwt expired
2025-04-10T20:17:52.903Z [info] module-league-state: Flow: champselect - active
2025-04-10T20:17:52.910Z [info] module-league-state: Flow: champselect - game started (spectator delay)
2025-04-10T20:17:52.919Z [info] plugin-webapi: Fetching livegame data for summoner=undefined
2025-04-10T20:17:53.199Z [error] plugin-webapi: Failed to get information for summoner=undefined. Maybe this summoner does not exist? error=GenericError: Request failed with status code 404
2025-04-10T20:17:53.201Z [error] module-league-state: Loading livegame failed for summoner=undefined
2025-04-10T20:20:19.172Z [info] module-league-state: Flow: champselect - inactive
2025-04-10T20:21:25.743Z [info] module-league-state: Flow: champselect - active
2025-04-10T20:21:25.743Z [info] module-league-state: Flow: champselect - reset summoners to not show
2025-04-10T20:21:25.749Z [info] module-league-state: Flow: champselect - game started (spectator delay)
2025-04-10T20:21:25.754Z [info] plugin-webapi: Fetching livegame data for summoner=undefined
2025-04-10T20:21:25.995Z [error] plugin-webapi: Failed to get information for summoner=undefined. Maybe this summoner does not exist? error=GenericError: Request failed with status code 404
2025-04-10T20:21:25.997Z [error] module-league-state: Loading livegame failed for summoner=undefined
2025-04-10T20:35:26.759Z [info] module-league-state: Flow: champselect - inactive
2025-04-10T20:54:17.885Z [info] plugin-webapi: Fetching match data for matchid=EUW1_7364421307
2025-04-10T20:54:18.413Z [info] plugin-webapi: Fetched match for matchId=EUW1_7364421307, gameId=7364421307
2025-04-10T20:54:57.312Z [warn] auth: jwt expired
2025-04-10T20:56:16.303Z [info] module-league-state: Flow: lobby - active
2025-04-10T20:56:23.714Z [info] module-league-state: Flow: champselect - active
2025-04-10T20:56:23.837Z [info] module-league-state: Flow: champselect - reset summoners to not show
2025-04-10T20:56:34.923Z [warn] auth: jwt expired
2025-04-10T20:57:20.303Z [info] module-league-state: Flow: lobby - inactive
2025-04-10T20:57:20.303Z [info] module-league-state: Flow: champselect - inactive
2025-04-10T21:08:18.336Z [info] module-league-state: Flow: lobby - active
2025-04-10T21:08:26.055Z [info] module-league-state: Flow: champselect - active
2025-04-10T21:08:55.391Z [info] module-league-state: Flow: lobby - inactive
2025-04-10T21:08:55.392Z [info] module-league-state: Flow: champselect - inactive
2025-04-12T09:48:58.435Z [info] main:  _          _       _____           _ _    _ _   
2025-04-12T09:48:58.440Z [info] main: | |    ___ | |     |_   _|__   ___ | | | _(_) |_ 
2025-04-12T09:48:58.440Z [info] main: | |   / _ \| |       | |/ _ \ / _ \| | |/ / | __|
2025-04-12T09:48:58.440Z [info] main: | |__| (_) | |___    | | (_) | (_) | |   <| | |_ 
2025-04-12T09:48:58.441Z [info] main: |_____\___/|_____|   |_|\___/ \___/|_|_|\_\_|\__|
2025-04-12T09:48:58.441Z [info] main: 
2025-04-12T09:48:58.921Z [info] lpte-svc: Initialized event bus.
2025-04-12T09:48:58.921Z [info] module-svc: Initializing module service.
2025-04-12T09:49:00.910Z [info] module-svc: Initialized 16 module(s). Now loading plugins.
2025-04-12T09:49:08.065Z [info] main: LoL Toolkit started up successfully.
2025-04-12T09:49:08.071Z [warn] lpte-svc: Awaiting event timed out. namespace=reply, type=request-5prh5cqjom9e1aebz, timeout=5000
2025-04-12T09:49:00.911Z [info] module-svc: Loaded 16 plugin(s).
2025-04-12T09:49:08.066Z [info] module-svc: Plugin status changed: plugin=plugin-prod-clock, old=UNAVAILABLE, new=RUNNING
2025-04-12T09:49:08.067Z [info] module-svc: Plugin status changed: plugin=plugin-database, old=UNAVAILABLE, new=RUNNING
2025-04-12T09:49:08.067Z [info] module-svc: Plugin status changed: plugin=plugin-config, old=UNAVAILABLE, new=RUNNING
2025-04-12T09:49:08.067Z [info] module-svc: Plugin status changed: plugin=module-league-runes, old=UNAVAILABLE, new=RUNNING
2025-04-12T09:49:08.068Z [info] module-svc: Plugin status changed: plugin=module-league-prm, old=UNAVAILABLE, new=RUNNING
2025-04-12T09:49:08.068Z [info] module-svc: Plugin status changed: plugin=module-league-fearless, old=UNAVAILABLE, new=RUNNING
2025-04-12T09:49:08.068Z [info] module-svc: Plugin status changed: plugin=module-league-end-of-game, old=UNAVAILABLE, new=RUNNING
2025-04-12T09:49:08.068Z [info] module-svc: Plugin status changed: plugin=module-league-champselect-ui, old=UNAVAILABLE, new=RUNNING
2025-04-12T09:49:08.070Z [info] module-svc: Plugin status changed: plugin=module-league-caster-cockpit, old=UNAVAILABLE, new=RUNNING
2025-04-12T09:49:08.071Z [info] module-svc: Plugin status changed: plugin=module-caster, old=UNAVAILABLE, new=RUNNING
2025-04-12T09:49:08.072Z [error] lpte-svc: Request timed out after 5000ms. Request meta={"channelType":"REQUEST","type":"request","namespace":"plugin-config","version":1,"sender":{"name":"plugin-webapi","version":"2.2.3","mode":"PLUGIN","path":"D:\\bouil\\Documents\\0.Dossiers\\Stream\\GAFE2025\\ProdToolKit\\modules\\plugin-webapi"},"reply":"request-5prh5cqjom9e1aebz"}
2025-04-12T09:49:08.083Z [info] module-svc: Plugin status changed: plugin=plugin-webapi, old=UNAVAILABLE, new=RUNNING
2025-04-12T09:49:08.073Z [warn] plugin-webapi: config could not be loaded
2025-04-12T09:49:08.083Z [info] module-svc: Plugin status changed: plugin=module-league-state, old=UNAVAILABLE, new=RUNNING
2025-04-12T09:49:08.083Z [info] module-svc: Plugin status changed: plugin=module-league-in-game, old=UNAVAILABLE, new=RUNNING
2025-04-12T09:49:08.087Z [info] module-svc: Plugin status changed: plugin=module-teams, old=UNAVAILABLE, new=RUNNING
2025-04-12T09:49:08.087Z [info] module-svc: Plugin status changed: plugin=plugin-theming, old=UNAVAILABLE, new=RUNNING
2025-04-12T09:49:08.581Z [info] module-svc: Plugin status changed: plugin=module-league-static, old=UNAVAILABLE, new=RUNNING
2025-04-12T09:49:08.584Z [info] auth: =========================
2025-04-12T09:49:08.584Z [info] auth: Authentication is enabled
2025-04-12T09:49:08.584Z [info] auth: Admin API key: RCVPT-E34PM5D-YFE4BGM-M3AQX5H-9HB69WM
2025-04-12T09:49:08.584Z [info] auth: =========================
2025-04-12T09:49:08.594Z [info] server: Listening for requests on http://localhost:3003
2025-04-12T09:49:24.126Z [warn] auth: jwt expired
2025-04-12T09:49:33.990Z [warn] auth: jwt expired
2025-04-12T09:49:33.992Z [warn] auth: jwt expired
2025-04-12T09:49:34.735Z [warn] auth: jwt expired
2025-04-12T12:08:36.842Z [info] plugin-webapi: Fetching match data for matchid=EUW1_7366047798
2025-04-12T12:08:37.004Z [error] plugin-webapi: Failed to get match information for matchId=EUW1_7366047798. Maybe the match is not over yet? error=GenericError: Request failed with status code 403
2025-04-12T12:08:37.008Z [error] module-league-state: Loading match failed for gameId=7366047798
2025-04-12T12:08:37.012Z [error] lpte-svc: Uncaught error in handler:  Cannot convert undefined or null to object
2025-04-12T12:12:49.046Z [info] main:  _          _       _____           _ _    _ _   
2025-04-12T12:12:49.049Z [info] main: | |    ___ | |     |_   _|__   ___ | | | _(_) |_ 
2025-04-12T12:12:49.049Z [info] main: | |   / _ \| |       | |/ _ \ / _ \| | |/ / | __|
2025-04-12T12:12:49.049Z [info] main: | |__| (_) | |___    | | (_) | (_) | |   <| | |_ 
2025-04-12T12:12:49.049Z [info] main: |_____\___/|_____|   |_|\___/ \___/|_|_|\_\_|\__|
2025-04-12T12:12:49.049Z [info] main: 
2025-04-12T12:12:49.427Z [info] lpte-svc: Initialized event bus.
2025-04-12T12:12:49.428Z [info] module-svc: Initializing module service.
2025-04-12T12:12:50.915Z [info] module-svc: Initialized 16 module(s). Now loading plugins.
2025-04-12T12:12:53.589Z [info] main: LoL Toolkit started up successfully.
2025-04-12T12:12:50.916Z [info] module-svc: Loaded 16 plugin(s).
2025-04-12T12:12:53.590Z [info] module-svc: Plugin status changed: plugin=plugin-prod-clock, old=UNAVAILABLE, new=RUNNING
2025-04-12T12:12:53.590Z [info] module-svc: Plugin status changed: plugin=plugin-database, old=UNAVAILABLE, new=RUNNING
2025-04-12T12:12:53.591Z [info] module-svc: Plugin status changed: plugin=plugin-config, old=UNAVAILABLE, new=RUNNING
2025-04-12T12:12:53.591Z [info] module-svc: Plugin status changed: plugin=module-league-runes, old=UNAVAILABLE, new=RUNNING
2025-04-12T12:12:53.591Z [info] module-svc: Plugin status changed: plugin=module-league-prm, old=UNAVAILABLE, new=RUNNING
2025-04-12T12:12:53.591Z [info] module-svc: Plugin status changed: plugin=module-league-fearless, old=UNAVAILABLE, new=RUNNING
2025-04-12T12:12:53.592Z [info] module-svc: Plugin status changed: plugin=module-league-end-of-game, old=UNAVAILABLE, new=RUNNING
2025-04-12T12:12:53.592Z [info] module-svc: Plugin status changed: plugin=module-league-champselect-ui, old=UNAVAILABLE, new=RUNNING
2025-04-12T12:12:53.592Z [info] module-svc: Plugin status changed: plugin=module-league-caster-cockpit, old=UNAVAILABLE, new=RUNNING
2025-04-12T12:12:53.592Z [info] module-svc: Plugin status changed: plugin=module-caster, old=UNAVAILABLE, new=RUNNING
2025-04-12T12:12:53.600Z [info] module-svc: Plugin status changed: plugin=plugin-webapi, old=UNAVAILABLE, new=RUNNING
2025-04-12T12:12:53.601Z [info] module-svc: Plugin status changed: plugin=module-league-state, old=UNAVAILABLE, new=RUNNING
2025-04-12T12:12:53.601Z [info] module-svc: Plugin status changed: plugin=module-league-in-game, old=UNAVAILABLE, new=RUNNING
2025-04-12T12:12:53.601Z [info] module-svc: Plugin status changed: plugin=plugin-theming, old=UNAVAILABLE, new=RUNNING
2025-04-12T12:12:53.619Z [info] module-svc: Plugin status changed: plugin=module-teams, old=UNAVAILABLE, new=RUNNING
2025-04-12T12:12:54.129Z [info] module-svc: Plugin status changed: plugin=module-league-static, old=UNAVAILABLE, new=RUNNING
2025-04-12T12:12:54.131Z [info] auth: =========================
2025-04-12T12:12:54.132Z [info] auth: Authentication is enabled
2025-04-12T12:12:54.132Z [info] auth: Admin API key: RCVPT-E34PM5D-YFE4BGM-M3AQX5H-9HB69WM
2025-04-12T12:12:54.132Z [info] auth: =========================
2025-04-12T12:12:54.137Z [info] server: Listening for requests on http://localhost:3003
2025-04-12T12:12:54.962Z [info] plugin-webapi: Fetching match data for matchid=EUW1_7366047798
2025-04-12T12:12:55.605Z [info] plugin-webapi: Fetched match for matchId=EUW1_7366047798, gameId=7366047798
2025-04-12T12:56:56.288Z [info] module-league-state: Flow: lobby - active
2025-04-12T12:57:05.100Z [info] module-league-state: Flow: champselect - active
2025-04-12T12:58:20.426Z [info] module-league-state: Flow: champselect - game started (spectator delay)
2025-04-12T12:58:20.436Z [info] plugin-webapi: Fetching livegame data for summoner=
2025-04-12T12:58:20.734Z [error] plugin-webapi: Failed to get information for summoner=. Maybe this summoner does not exist? error=GenericError: Request failed with status code 404
2025-04-12T12:58:20.736Z [error] module-league-state: Loading livegame failed for summoner=
2025-04-12T12:58:21.915Z [info] module-league-state: Flow: lobby - inactive
2025-04-12T12:59:15.807Z [info] module-league-state: Flow: champselect - inactive
2025-04-12T13:00:45.809Z [info] module-league-state: Flow: lobby - active
2025-04-12T13:00:53.517Z [info] module-league-state: Flow: champselect - active
2025-04-12T13:00:53.638Z [info] module-league-state: Flow: champselect - reset summoners to not show
2025-04-12T13:02:15.381Z [info] module-league-state: Flow: champselect - game started (spectator delay)
2025-04-12T13:02:15.389Z [info] plugin-webapi: Fetching livegame data for summoner=
2025-04-12T13:02:15.531Z [error] plugin-webapi: Failed to get information for summoner=. Maybe this summoner does not exist? error=GenericError: Request failed with status code 404
2025-04-12T13:02:15.532Z [error] module-league-state: Loading livegame failed for summoner=
2025-04-12T13:02:16.323Z [info] module-league-state: Flow: lobby - inactive
2025-04-12T13:02:40.839Z [info] module-league-state: Flow: champselect - inactive
2025-04-12T13:39:10.086Z [info] module-league-state: Flow: champselect - active
2025-04-12T13:39:10.094Z [info] module-league-state: Flow: champselect - reset summoners to not show
2025-04-12T13:39:10.096Z [info] module-league-state: Flow: champselect - game started (spectator delay)
2025-04-12T13:39:10.121Z [info] plugin-webapi: Fetching livegame data for summoner=
2025-04-12T13:39:10.367Z [error] plugin-webapi: Failed to get information for summoner=. Maybe this summoner does not exist? error=GenericError: Request failed with status code 404
2025-04-12T13:39:10.372Z [error] module-league-state: Loading livegame failed for summoner=
2025-04-12T13:42:09.438Z [info] module-league-state: Flow: champselect - inactive
2025-04-12T13:55:11.125Z [info] plugin-webapi: Fetching match data for matchid=EUW1_7366146900
2025-04-12T13:55:11.711Z [info] plugin-webapi: Fetched match for matchId=EUW1_7366146900, gameId=7366146900
2025-04-12T14:56:20.966Z [info] main:  _          _       _____           _ _    _ _   
2025-04-12T14:56:20.968Z [info] main: | |    ___ | |     |_   _|__   ___ | | | _(_) |_ 
2025-04-12T14:56:20.969Z [info] main: | |   / _ \| |       | |/ _ \ / _ \| | |/ / | __|
2025-04-12T14:56:20.969Z [info] main: | |__| (_) | |___    | | (_) | (_) | |   <| | |_ 
2025-04-12T14:56:20.969Z [info] main: |_____\___/|_____|   |_|\___/ \___/|_|_|\_\_|\__|
2025-04-12T14:56:20.969Z [info] main: 
2025-04-12T14:56:21.375Z [info] lpte-svc: Initialized event bus.
2025-04-12T14:56:21.375Z [info] module-svc: Initializing module service.
2025-04-12T14:56:22.897Z [info] module-svc: Initialized 16 module(s). Now loading plugins.
2025-04-12T14:56:24.835Z [info] main: LoL Toolkit started up successfully.
2025-04-12T14:56:22.897Z [info] module-svc: Loaded 16 plugin(s).
2025-04-12T14:56:24.836Z [info] module-svc: Plugin status changed: plugin=plugin-prod-clock, old=UNAVAILABLE, new=RUNNING
2025-04-12T14:56:24.836Z [info] module-svc: Plugin status changed: plugin=plugin-database, old=UNAVAILABLE, new=RUNNING
2025-04-12T14:56:24.836Z [info] module-svc: Plugin status changed: plugin=plugin-config, old=UNAVAILABLE, new=RUNNING
2025-04-12T14:56:24.837Z [info] module-svc: Plugin status changed: plugin=module-league-runes, old=UNAVAILABLE, new=RUNNING
2025-04-12T14:56:24.837Z [info] module-svc: Plugin status changed: plugin=module-league-prm, old=UNAVAILABLE, new=RUNNING
2025-04-12T14:56:24.837Z [info] module-svc: Plugin status changed: plugin=module-league-fearless, old=UNAVAILABLE, new=RUNNING
2025-04-12T14:56:24.837Z [info] module-svc: Plugin status changed: plugin=module-league-end-of-game, old=UNAVAILABLE, new=RUNNING
2025-04-12T14:56:24.838Z [info] module-svc: Plugin status changed: plugin=module-league-champselect-ui, old=UNAVAILABLE, new=RUNNING
2025-04-12T14:56:24.838Z [info] module-svc: Plugin status changed: plugin=module-league-caster-cockpit, old=UNAVAILABLE, new=RUNNING
2025-04-12T14:56:24.838Z [info] module-svc: Plugin status changed: plugin=module-caster, old=UNAVAILABLE, new=RUNNING
2025-04-12T14:56:24.845Z [info] module-svc: Plugin status changed: plugin=plugin-webapi, old=UNAVAILABLE, new=RUNNING
2025-04-12T14:56:24.846Z [info] module-svc: Plugin status changed: plugin=module-league-state, old=UNAVAILABLE, new=RUNNING
2025-04-12T14:56:24.846Z [info] module-svc: Plugin status changed: plugin=module-league-in-game, old=UNAVAILABLE, new=RUNNING
2025-04-12T14:56:24.860Z [info] module-svc: Plugin status changed: plugin=module-teams, old=UNAVAILABLE, new=RUNNING
2025-04-12T14:56:24.895Z [info] module-svc: Plugin status changed: plugin=plugin-theming, old=UNAVAILABLE, new=RUNNING
2025-04-12T14:56:25.233Z [info] module-svc: Plugin status changed: plugin=module-league-static, old=UNAVAILABLE, new=RUNNING
2025-04-12T14:56:25.235Z [info] auth: =========================
2025-04-12T14:56:25.236Z [info] auth: Authentication is enabled
2025-04-12T14:56:25.236Z [info] auth: Admin API key: RCVPT-E34PM5D-YFE4BGM-M3AQX5H-9HB69WM
2025-04-12T14:56:25.236Z [info] auth: =========================
2025-04-12T14:56:25.243Z [info] server: Listening for requests on http://localhost:3003
2025-04-12T14:56:26.882Z [info] plugin-webapi: Fetching match data for matchid=EUW1_7366146900
2025-04-12T14:56:27.679Z [info] plugin-webapi: Fetched match for matchId=EUW1_7366146900, gameId=7366146900
2025-04-12T15:02:39.240Z [info] main:  _          _       _____           _ _    _ _   
2025-04-12T15:02:39.242Z [info] main: | |    ___ | |     |_   _|__   ___ | | | _(_) |_ 
2025-04-12T15:02:39.242Z [info] main: | |   / _ \| |       | |/ _ \ / _ \| | |/ / | __|
2025-04-12T15:02:39.242Z [info] main: | |__| (_) | |___    | | (_) | (_) | |   <| | |_ 
2025-04-12T15:02:39.242Z [info] main: |_____\___/|_____|   |_|\___/ \___/|_|_|\_\_|\__|
2025-04-12T15:02:39.243Z [info] main: 
2025-04-12T15:02:39.395Z [info] lpte-svc: Initialized event bus.
2025-04-12T15:02:39.396Z [info] module-svc: Initializing module service.
2025-04-12T15:02:39.817Z [info] module-svc: Initialized 16 module(s). Now loading plugins.
2025-04-12T15:02:40.351Z [info] main: LoL Toolkit started up successfully.
2025-04-12T15:02:39.818Z [info] module-svc: Loaded 16 plugin(s).
2025-04-12T15:02:40.352Z [info] module-svc: Plugin status changed: plugin=plugin-prod-clock, old=UNAVAILABLE, new=RUNNING
2025-04-12T15:02:40.353Z [info] module-svc: Plugin status changed: plugin=plugin-database, old=UNAVAILABLE, new=RUNNING
2025-04-12T15:02:40.353Z [info] module-svc: Plugin status changed: plugin=plugin-config, old=UNAVAILABLE, new=RUNNING
2025-04-12T15:02:40.353Z [info] module-svc: Plugin status changed: plugin=module-league-runes, old=UNAVAILABLE, new=RUNNING
2025-04-12T15:02:40.354Z [info] module-svc: Plugin status changed: plugin=module-league-prm, old=UNAVAILABLE, new=RUNNING
2025-04-12T15:02:40.354Z [info] module-svc: Plugin status changed: plugin=module-league-fearless, old=UNAVAILABLE, new=RUNNING
2025-04-12T15:02:40.354Z [info] module-svc: Plugin status changed: plugin=module-league-end-of-game, old=UNAVAILABLE, new=RUNNING
2025-04-12T15:02:40.354Z [info] module-svc: Plugin status changed: plugin=module-league-champselect-ui, old=UNAVAILABLE, new=RUNNING
2025-04-12T15:02:40.354Z [info] module-svc: Plugin status changed: plugin=module-league-caster-cockpit, old=UNAVAILABLE, new=RUNNING
2025-04-12T15:02:40.355Z [info] module-svc: Plugin status changed: plugin=module-caster, old=UNAVAILABLE, new=RUNNING
2025-04-12T15:02:40.368Z [info] module-svc: Plugin status changed: plugin=plugin-webapi, old=UNAVAILABLE, new=RUNNING
2025-04-12T15:02:40.369Z [info] module-svc: Plugin status changed: plugin=module-league-state, old=UNAVAILABLE, new=RUNNING
2025-04-12T15:02:40.370Z [info] module-svc: Plugin status changed: plugin=module-league-in-game, old=UNAVAILABLE, new=RUNNING
2025-04-12T15:02:40.373Z [info] module-svc: Plugin status changed: plugin=plugin-theming, old=UNAVAILABLE, new=RUNNING
2025-04-12T15:02:40.374Z [info] module-svc: Plugin status changed: plugin=module-teams, old=UNAVAILABLE, new=RUNNING
2025-04-12T15:02:40.555Z [info] module-svc: Plugin status changed: plugin=module-league-static, old=UNAVAILABLE, new=RUNNING
2025-04-12T15:02:40.560Z [info] auth: =========================
2025-04-12T15:02:40.560Z [info] auth: Authentication is enabled
2025-04-12T15:02:40.560Z [info] auth: Admin API key: RCVPT-E34PM5D-YFE4BGM-M3AQX5H-9HB69WM
2025-04-12T15:02:40.561Z [info] auth: =========================
2025-04-12T15:02:40.566Z [info] server: Listening for requests on http://localhost:3003
2025-04-12T15:02:41.720Z [info] plugin-webapi: Fetching match data for matchid=EUW1_7366146900
2025-04-12T15:02:42.471Z [info] plugin-webapi: Fetched match for matchId=EUW1_7366146900, gameId=7366146900
2025-04-12T15:19:15.137Z [info] module-league-state: Flow: lobby - active
2025-04-12T15:19:22.118Z [info] module-league-state: Flow: champselect - active
2025-04-12T15:19:47.702Z [info] module-league-state: Flow: champselect - inactive
2025-04-12T15:19:47.702Z [info] module-league-state: Flow: lobby - inactive
2025-04-12T17:24:24.351Z [info] module-league-state: Flow: champselect - active
2025-04-12T17:24:24.358Z [info] module-league-state: Flow: champselect - game started (spectator delay)
2025-04-12T17:24:24.376Z [info] plugin-webapi: Fetching livegame data for summoner=
2025-04-12T17:24:24.658Z [error] plugin-webapi: Failed to get information for summoner=. Maybe this summoner does not exist? error=GenericError: Request failed with status code 404
2025-04-12T17:24:24.664Z [error] module-league-state: Loading livegame failed for summoner=
2025-04-12T17:31:40.423Z [info] module-league-state: Flow: champselect - inactive
2025-04-13T12:59:41.068Z [info] main:  _          _       _____           _ _    _ _   
2025-04-13T12:59:41.070Z [info] main: | |    ___ | |     |_   _|__   ___ | | | _(_) |_ 
2025-04-13T12:59:41.070Z [info] main: | |   / _ \| |       | |/ _ \ / _ \| | |/ / | __|
2025-04-13T12:59:41.071Z [info] main: | |__| (_) | |___    | | (_) | (_) | |   <| | |_ 
2025-04-13T12:59:41.071Z [info] main: |_____\___/|_____|   |_|\___/ \___/|_|_|\_\_|\__|
2025-04-13T12:59:41.071Z [info] main: 
2025-04-13T12:59:41.756Z [info] lpte-svc: Initialized event bus.
2025-04-13T12:59:41.757Z [info] module-svc: Initializing module service.
2025-04-13T12:59:43.294Z [info] module-svc: Initialized 16 module(s). Now loading plugins.
2025-04-13T12:59:53.586Z [info] main: LoL Toolkit started up successfully.
2025-04-13T12:59:53.590Z [warn] lpte-svc: Awaiting event timed out. namespace=reply, type=request-5prh5cugcm9fnjir4, timeout=5000
2025-04-13T12:59:43.295Z [info] module-svc: Loaded 16 plugin(s).
2025-04-13T12:59:53.587Z [info] module-svc: Plugin status changed: plugin=plugin-prod-clock, old=UNAVAILABLE, new=RUNNING
2025-04-13T12:59:53.587Z [info] module-svc: Plugin status changed: plugin=plugin-database, old=UNAVAILABLE, new=RUNNING
2025-04-13T12:59:53.587Z [info] module-svc: Plugin status changed: plugin=plugin-config, old=UNAVAILABLE, new=RUNNING
2025-04-13T12:59:53.588Z [info] module-svc: Plugin status changed: plugin=module-league-runes, old=UNAVAILABLE, new=RUNNING
2025-04-13T12:59:53.589Z [info] module-svc: Plugin status changed: plugin=module-league-prm, old=UNAVAILABLE, new=RUNNING
2025-04-13T12:59:53.589Z [info] module-svc: Plugin status changed: plugin=module-league-fearless, old=UNAVAILABLE, new=RUNNING
2025-04-13T12:59:53.589Z [info] module-svc: Plugin status changed: plugin=module-league-end-of-game, old=UNAVAILABLE, new=RUNNING
2025-04-13T12:59:53.589Z [info] module-svc: Plugin status changed: plugin=module-league-champselect-ui, old=UNAVAILABLE, new=RUNNING
2025-04-13T12:59:53.589Z [info] module-svc: Plugin status changed: plugin=module-league-caster-cockpit, old=UNAVAILABLE, new=RUNNING
2025-04-13T12:59:53.590Z [info] module-svc: Plugin status changed: plugin=module-caster, old=UNAVAILABLE, new=RUNNING
2025-04-13T12:59:53.598Z [info] module-svc: Plugin status changed: plugin=plugin-webapi, old=UNAVAILABLE, new=RUNNING
2025-04-13T12:59:53.592Z [error] lpte-svc: Request timed out after 5000ms. Request meta={"channelType":"REQUEST","type":"request","namespace":"plugin-config","version":1,"sender":{"name":"plugin-webapi","version":"2.2.3","mode":"PLUGIN","path":"D:\\bouil\\Documents\\0.Dossiers\\Stream\\GAFE2025\\ProdToolKit\\modules\\plugin-webapi"},"reply":"request-5prh5cugcm9fnjir4"}
2025-04-13T12:59:53.593Z [warn] lpte-svc: Awaiting event timed out. namespace=reply, type=request-5prh5cugcm9fnjk9b, timeout=5000
2025-04-13T12:59:53.593Z [error] lpte-svc: Request timed out after 5000ms. Request meta={"channelType":"REQUEST","type":"request","namespace":"plugin-database","version":1,"sender":{"name":"module-teams","version":"4.3.3","mode":"PLUGIN","path":"D:\\bouil\\Documents\\0.Dossiers\\Stream\\GAFE2025\\ProdToolKit\\modules\\module-teams"},"reply":"request-5prh5cugcm9fnjk9b"}
2025-04-13T12:59:53.601Z [info] module-svc: Plugin status changed: plugin=module-league-state, old=UNAVAILABLE, new=RUNNING
2025-04-13T12:59:53.592Z [warn] plugin-webapi: config could not be loaded
2025-04-13T12:59:53.601Z [info] module-svc: Plugin status changed: plugin=module-league-in-game, old=UNAVAILABLE, new=RUNNING
2025-04-13T12:59:53.594Z [warn] module-teams: matches could not be loaded
2025-04-13T12:59:53.638Z [info] module-svc: Plugin status changed: plugin=plugin-theming, old=UNAVAILABLE, new=RUNNING
2025-04-13T12:59:54.105Z [info] module-svc: Plugin status changed: plugin=module-league-static, old=UNAVAILABLE, new=RUNNING
2025-04-13T13:03:15.568Z [info] main:  _          _       _____           _ _    _ _   
2025-04-13T13:03:15.571Z [info] main: | |    ___ | |     |_   _|__   ___ | | | _(_) |_ 
2025-04-13T13:03:15.571Z [info] main: | |   / _ \| |       | |/ _ \ / _ \| | |/ / | __|
2025-04-13T13:03:15.572Z [info] main: | |__| (_) | |___    | | (_) | (_) | |   <| | |_ 
2025-04-13T13:03:15.572Z [info] main: |_____\___/|_____|   |_|\___/ \___/|_|_|\_\_|\__|
2025-04-13T13:03:15.572Z [info] main: 
2025-04-13T13:03:16.063Z [info] lpte-svc: Initialized event bus.
2025-04-13T13:03:16.063Z [info] module-svc: Initializing module service.
2025-04-13T13:03:16.545Z [info] module-svc: Initialized 16 module(s). Now loading plugins.
2025-04-13T13:03:18.884Z [info] main: LoL Toolkit started up successfully.
2025-04-13T13:03:16.546Z [info] module-svc: Loaded 16 plugin(s).
2025-04-13T13:03:18.884Z [info] module-svc: Plugin status changed: plugin=plugin-prod-clock, old=UNAVAILABLE, new=RUNNING
2025-04-13T13:03:18.885Z [info] module-svc: Plugin status changed: plugin=plugin-database, old=UNAVAILABLE, new=RUNNING
2025-04-13T13:03:18.885Z [info] module-svc: Plugin status changed: plugin=plugin-config, old=UNAVAILABLE, new=RUNNING
2025-04-13T13:03:18.886Z [info] module-svc: Plugin status changed: plugin=module-league-runes, old=UNAVAILABLE, new=RUNNING
2025-04-13T13:03:18.886Z [info] module-svc: Plugin status changed: plugin=module-league-prm, old=UNAVAILABLE, new=RUNNING
2025-04-13T13:03:18.886Z [info] module-svc: Plugin status changed: plugin=module-league-fearless, old=UNAVAILABLE, new=RUNNING
2025-04-13T13:03:18.886Z [info] module-svc: Plugin status changed: plugin=module-league-end-of-game, old=UNAVAILABLE, new=RUNNING
2025-04-13T13:03:18.886Z [info] module-svc: Plugin status changed: plugin=module-league-champselect-ui, old=UNAVAILABLE, new=RUNNING
2025-04-13T13:03:18.886Z [info] module-svc: Plugin status changed: plugin=module-league-caster-cockpit, old=UNAVAILABLE, new=RUNNING
2025-04-13T13:03:18.886Z [info] module-svc: Plugin status changed: plugin=module-caster, old=UNAVAILABLE, new=RUNNING
2025-04-13T13:03:18.895Z [info] module-svc: Plugin status changed: plugin=plugin-webapi, old=UNAVAILABLE, new=RUNNING
2025-04-13T13:03:18.896Z [info] module-svc: Plugin status changed: plugin=module-league-state, old=UNAVAILABLE, new=RUNNING
2025-04-13T13:03:18.896Z [info] module-svc: Plugin status changed: plugin=module-league-in-game, old=UNAVAILABLE, new=RUNNING
2025-04-13T13:03:18.902Z [info] module-svc: Plugin status changed: plugin=plugin-theming, old=UNAVAILABLE, new=RUNNING
2025-04-13T13:03:18.912Z [info] module-svc: Plugin status changed: plugin=module-teams, old=UNAVAILABLE, new=RUNNING
2025-04-13T13:03:19.216Z [info] module-svc: Plugin status changed: plugin=module-league-static, old=UNAVAILABLE, new=RUNNING
2025-04-13T13:03:19.219Z [info] auth: =========================
2025-04-13T13:03:19.219Z [info] auth: Authentication is enabled
2025-04-13T13:03:19.220Z [info] auth: Admin API key: RCVPT-E34PM5D-YFE4BGM-M3AQX5H-9HB69WM
2025-04-13T13:03:19.220Z [info] auth: =========================
2025-04-13T13:03:19.231Z [info] server: Listening for requests on http://localhost:3003
2025-04-13T13:03:23.501Z [warn] auth: jwt expired
2025-04-13T13:03:30.383Z [warn] auth: jwt expired
2025-04-13T13:08:04.541Z [info] module-league-state: Flow: lobby - active
2025-04-13T13:08:17.597Z [info] module-league-state: Flow: champselect - active
2025-04-13T13:10:22.129Z [info] module-league-state: Flow: champselect - game started (spectator delay)
2025-04-13T13:10:22.135Z [info] plugin-webapi: Fetching livegame data for summoner=
2025-04-13T13:10:22.288Z [error] plugin-webapi: Failed to get information for summoner=. Maybe this summoner does not exist? error=GenericError: Request failed with status code 404
2025-04-13T13:10:22.289Z [error] module-league-state: Loading livegame failed for summoner=
2025-04-13T13:10:23.854Z [info] module-league-state: Flow: lobby - inactive
2025-04-13T13:10:51.169Z [info] module-league-state: Flow: champselect - inactive
2025-04-13T13:31:38.458Z [info] plugin-webapi: Fetching match data for matchid=EUW1_222015
2025-04-13T13:31:38.597Z [error] plugin-webapi: Failed to get match information for matchId=EUW1_222015. Maybe the match is not over yet? error=GenericError: Request failed with status code 404
2025-04-13T13:31:38.600Z [error] module-league-state: Loading match failed for gameId=222015
2025-04-13T13:31:38.609Z [error] lpte-svc: Uncaught error in handler:  Cannot read properties of undefined (reading 'kills')
2025-04-13T13:31:57.784Z [info] plugin-webapi: Fetching match data for matchid=EUW1_222015
2025-04-13T13:31:57.942Z [error] plugin-webapi: Failed to get match information for matchId=EUW1_222015. Maybe the match is not over yet? error=GenericError: Request failed with status code 404
2025-04-13T13:31:57.943Z [error] module-league-state: Loading match failed for gameId=222015
2025-04-13T13:31:57.945Z [error] lpte-svc: Uncaught error in handler:  Cannot read properties of undefined (reading 'kills')
2025-04-13T13:44:09.710Z [info] main:  _          _       _____           _ _    _ _   
2025-04-13T13:44:09.712Z [info] main: | |    ___ | |     |_   _|__   ___ | | | _(_) |_ 
2025-04-13T13:44:09.712Z [info] main: | |   / _ \| |       | |/ _ \ / _ \| | |/ / | __|
2025-04-13T13:44:09.712Z [info] main: | |__| (_) | |___    | | (_) | (_) | |   <| | |_ 
2025-04-13T13:44:09.712Z [info] main: |_____\___/|_____|   |_|\___/ \___/|_|_|\_\_|\__|
2025-04-13T13:44:09.712Z [info] main: 
2025-04-13T13:44:10.090Z [info] lpte-svc: Initialized event bus.
2025-04-13T13:44:10.090Z [info] module-svc: Initializing module service.
2025-04-13T13:44:11.566Z [info] module-svc: Initialized 16 module(s). Now loading plugins.
2025-04-13T13:44:13.787Z [info] main: LoL Toolkit started up successfully.
2025-04-13T13:44:11.566Z [info] module-svc: Loaded 16 plugin(s).
2025-04-13T13:44:13.788Z [info] module-svc: Plugin status changed: plugin=plugin-prod-clock, old=UNAVAILABLE, new=RUNNING
2025-04-13T13:44:13.788Z [info] module-svc: Plugin status changed: plugin=plugin-database, old=UNAVAILABLE, new=RUNNING
2025-04-13T13:44:13.789Z [info] module-svc: Plugin status changed: plugin=plugin-config, old=UNAVAILABLE, new=RUNNING
2025-04-13T13:44:13.789Z [info] module-svc: Plugin status changed: plugin=module-league-runes, old=UNAVAILABLE, new=RUNNING
2025-04-13T13:44:13.789Z [info] module-svc: Plugin status changed: plugin=module-league-prm, old=UNAVAILABLE, new=RUNNING
2025-04-13T13:44:13.789Z [info] module-svc: Plugin status changed: plugin=module-league-fearless, old=UNAVAILABLE, new=RUNNING
2025-04-13T13:44:13.790Z [info] module-svc: Plugin status changed: plugin=module-league-end-of-game, old=UNAVAILABLE, new=RUNNING
2025-04-13T13:44:13.790Z [info] module-svc: Plugin status changed: plugin=module-league-champselect-ui, old=UNAVAILABLE, new=RUNNING
2025-04-13T13:44:13.790Z [info] module-svc: Plugin status changed: plugin=module-league-caster-cockpit, old=UNAVAILABLE, new=RUNNING
2025-04-13T13:44:13.790Z [info] module-svc: Plugin status changed: plugin=module-caster, old=UNAVAILABLE, new=RUNNING
2025-04-13T13:44:13.797Z [info] module-svc: Plugin status changed: plugin=plugin-webapi, old=UNAVAILABLE, new=RUNNING
2025-04-13T13:44:13.797Z [info] module-svc: Plugin status changed: plugin=module-league-state, old=UNAVAILABLE, new=RUNNING
2025-04-13T13:44:13.797Z [info] module-svc: Plugin status changed: plugin=module-league-in-game, old=UNAVAILABLE, new=RUNNING
2025-04-13T13:44:13.798Z [info] module-svc: Plugin status changed: plugin=plugin-theming, old=UNAVAILABLE, new=RUNNING
2025-04-13T13:44:13.805Z [info] module-svc: Plugin status changed: plugin=module-teams, old=UNAVAILABLE, new=RUNNING
2025-04-13T13:44:14.127Z [info] module-svc: Plugin status changed: plugin=module-league-static, old=UNAVAILABLE, new=RUNNING
2025-04-13T13:44:14.130Z [info] auth: =========================
2025-04-13T13:44:14.130Z [info] auth: Authentication is enabled
2025-04-13T13:44:14.130Z [info] auth: Admin API key: RCVPT-E34PM5D-YFE4BGM-M3AQX5H-9HB69WM
2025-04-13T13:44:14.130Z [info] auth: =========================
2025-04-13T13:44:14.135Z [info] server: Listening for requests on http://localhost:3003
2025-04-13T13:44:15.901Z [info] module-league-state: Flow: champselect - active
2025-04-13T13:44:15.913Z [info] module-league-state: Flow: lobby - active
2025-04-13T13:50:07.757Z [info] main:  _          _       _____           _ _    _ _   
2025-04-13T13:50:07.759Z [info] main: | |    ___ | |     |_   _|__   ___ | | | _(_) |_ 
2025-04-13T13:50:07.759Z [info] main: | |   / _ \| |       | |/ _ \ / _ \| | |/ / | __|
2025-04-13T13:50:07.759Z [info] main: | |__| (_) | |___    | | (_) | (_) | |   <| | |_ 
2025-04-13T13:50:07.759Z [info] main: |_____\___/|_____|   |_|\___/ \___/|_|_|\_\_|\__|
2025-04-13T13:50:07.760Z [info] main: 
2025-04-13T13:50:08.164Z [info] lpte-svc: Initialized event bus.
2025-04-13T13:50:08.165Z [info] module-svc: Initializing module service.
2025-04-13T13:50:08.525Z [info] module-svc: Initialized 16 module(s). Now loading plugins.
2025-04-13T13:50:09.058Z [info] main: LoL Toolkit started up successfully.
2025-04-13T13:50:08.526Z [info] module-svc: Loaded 16 plugin(s).
2025-04-13T13:50:09.059Z [info] module-svc: Plugin status changed: plugin=plugin-prod-clock, old=UNAVAILABLE, new=RUNNING
2025-04-13T13:50:09.059Z [info] module-svc: Plugin status changed: plugin=plugin-database, old=UNAVAILABLE, new=RUNNING
2025-04-13T13:50:09.059Z [info] module-svc: Plugin status changed: plugin=plugin-config, old=UNAVAILABLE, new=RUNNING
2025-04-13T13:50:09.060Z [info] module-svc: Plugin status changed: plugin=module-league-runes, old=UNAVAILABLE, new=RUNNING
2025-04-13T13:50:09.061Z [info] module-svc: Plugin status changed: plugin=module-league-prm, old=UNAVAILABLE, new=RUNNING
2025-04-13T13:50:09.061Z [info] module-svc: Plugin status changed: plugin=module-league-fearless, old=UNAVAILABLE, new=RUNNING
2025-04-13T13:50:09.061Z [info] module-svc: Plugin status changed: plugin=module-league-end-of-game, old=UNAVAILABLE, new=RUNNING
2025-04-13T13:50:09.062Z [info] module-svc: Plugin status changed: plugin=module-league-champselect-ui, old=UNAVAILABLE, new=RUNNING
2025-04-13T13:50:09.062Z [info] module-svc: Plugin status changed: plugin=module-league-caster-cockpit, old=UNAVAILABLE, new=RUNNING
2025-04-13T13:50:09.062Z [info] module-svc: Plugin status changed: plugin=module-caster, old=UNAVAILABLE, new=RUNNING
2025-04-13T13:50:09.071Z [info] module-svc: Plugin status changed: plugin=plugin-webapi, old=UNAVAILABLE, new=RUNNING
2025-04-13T13:50:09.071Z [info] module-svc: Plugin status changed: plugin=module-league-state, old=UNAVAILABLE, new=RUNNING
2025-04-13T13:50:09.071Z [info] module-svc: Plugin status changed: plugin=module-league-in-game, old=UNAVAILABLE, new=RUNNING
2025-04-13T13:50:09.077Z [info] module-svc: Plugin status changed: plugin=plugin-theming, old=UNAVAILABLE, new=RUNNING
2025-04-13T13:50:09.078Z [info] module-svc: Plugin status changed: plugin=module-teams, old=UNAVAILABLE, new=RUNNING
2025-04-13T13:50:09.234Z [info] module-svc: Plugin status changed: plugin=module-league-static, old=UNAVAILABLE, new=RUNNING
2025-04-13T13:50:09.242Z [info] auth: =========================
2025-04-13T13:50:09.242Z [info] auth: Authentication is enabled
2025-04-13T13:50:09.242Z [info] auth: Admin API key: RCVPT-E34PM5D-YFE4BGM-M3AQX5H-9HB69WM
2025-04-13T13:50:09.242Z [info] auth: =========================
2025-04-13T13:50:09.246Z [info] server: Listening for requests on http://localhost:3003
2025-04-13T13:50:24.786Z [info] module-league-state: Flow: lobby - active
2025-04-13T13:51:08.975Z [info] main:  _          _       _____           _ _    _ _   
2025-04-13T13:51:08.978Z [info] main: | |    ___ | |     |_   _|__   ___ | | | _(_) |_ 
2025-04-13T13:51:08.979Z [info] main: | |   / _ \| |       | |/ _ \ / _ \| | |/ / | __|
2025-04-13T13:51:08.979Z [info] main: | |__| (_) | |___    | | (_) | (_) | |   <| | |_ 
2025-04-13T13:51:08.979Z [info] main: |_____\___/|_____|   |_|\___/ \___/|_|_|\_\_|\__|
2025-04-13T13:51:08.980Z [info] main: 
2025-04-13T13:51:09.123Z [info] lpte-svc: Initialized event bus.
2025-04-13T13:51:09.124Z [info] module-svc: Initializing module service.
2025-04-13T13:51:09.576Z [info] module-svc: Initialized 16 module(s). Now loading plugins.
2025-04-13T13:51:10.122Z [info] main: LoL Toolkit started up successfully.
2025-04-13T13:51:09.577Z [info] module-svc: Loaded 16 plugin(s).
2025-04-13T13:51:10.123Z [info] module-svc: Plugin status changed: plugin=plugin-prod-clock, old=UNAVAILABLE, new=RUNNING
2025-04-13T13:51:10.123Z [info] module-svc: Plugin status changed: plugin=plugin-database, old=UNAVAILABLE, new=RUNNING
2025-04-13T13:51:10.124Z [info] module-svc: Plugin status changed: plugin=plugin-config, old=UNAVAILABLE, new=RUNNING
2025-04-13T13:51:10.124Z [info] module-svc: Plugin status changed: plugin=module-league-runes, old=UNAVAILABLE, new=RUNNING
2025-04-13T13:51:10.125Z [info] module-svc: Plugin status changed: plugin=module-league-prm, old=UNAVAILABLE, new=RUNNING
2025-04-13T13:51:10.125Z [info] module-svc: Plugin status changed: plugin=module-league-fearless, old=UNAVAILABLE, new=RUNNING
2025-04-13T13:51:10.125Z [info] module-svc: Plugin status changed: plugin=module-league-end-of-game, old=UNAVAILABLE, new=RUNNING
2025-04-13T13:51:10.125Z [info] module-svc: Plugin status changed: plugin=module-league-champselect-ui, old=UNAVAILABLE, new=RUNNING
2025-04-13T13:51:10.125Z [info] module-svc: Plugin status changed: plugin=module-league-caster-cockpit, old=UNAVAILABLE, new=RUNNING
2025-04-13T13:51:10.125Z [info] module-svc: Plugin status changed: plugin=module-caster, old=UNAVAILABLE, new=RUNNING
2025-04-13T13:51:10.132Z [info] module-svc: Plugin status changed: plugin=plugin-webapi, old=UNAVAILABLE, new=RUNNING
2025-04-13T13:51:10.133Z [info] module-svc: Plugin status changed: plugin=module-league-state, old=UNAVAILABLE, new=RUNNING
2025-04-13T13:51:10.134Z [info] module-svc: Plugin status changed: plugin=module-league-in-game, old=UNAVAILABLE, new=RUNNING
2025-04-13T13:51:10.140Z [info] module-svc: Plugin status changed: plugin=plugin-theming, old=UNAVAILABLE, new=RUNNING
2025-04-13T13:51:10.141Z [info] module-svc: Plugin status changed: plugin=module-teams, old=UNAVAILABLE, new=RUNNING
2025-04-13T13:51:10.295Z [info] module-svc: Plugin status changed: plugin=module-league-static, old=UNAVAILABLE, new=RUNNING
2025-04-13T13:51:10.298Z [info] auth: =========================
2025-04-13T13:51:10.298Z [info] auth: Authentication is enabled
2025-04-13T13:51:10.298Z [info] auth: Admin API key: RCVPT-E34PM5D-YFE4BGM-M3AQX5H-9HB69WM
2025-04-13T13:51:10.298Z [info] auth: =========================
2025-04-13T13:51:10.304Z [info] server: Listening for requests on http://localhost:3003
2025-04-13T13:51:10.570Z [info] module-league-state: Flow: champselect - active
2025-04-13T13:51:10.589Z [info] module-league-state: Flow: lobby - active
2025-04-13T13:51:20.875Z [info] module-league-state: Flow: champselect - active
2025-04-13T13:51:21.450Z [info] module-league-state: Flow: lobby - active
2025-04-13T13:51:49.462Z [info] module-league-state: Flow: lobby - inactive
2025-04-13T13:51:49.463Z [info] module-league-state: Flow: champselect - inactive
2025-04-13T13:51:56.933Z [info] module-league-state: Flow: lobby - active
2025-04-13T13:55:30.261Z [info] module-league-state: Flow: champselect - active
2025-04-13T13:57:30.031Z [info] module-league-state: Flow: champselect - inactive
2025-04-13T14:01:31.747Z [info] main:  _          _       _____           _ _    _ _   
2025-04-13T14:01:31.751Z [info] main: | |    ___ | |     |_   _|__   ___ | | | _(_) |_ 
2025-04-13T14:01:31.752Z [info] main: | |   / _ \| |       | |/ _ \ / _ \| | |/ / | __|
2025-04-13T14:01:31.752Z [info] main: | |__| (_) | |___    | | (_) | (_) | |   <| | |_ 
2025-04-13T14:01:31.753Z [info] main: |_____\___/|_____|   |_|\___/ \___/|_|_|\_\_|\__|
2025-04-13T14:01:31.753Z [info] main: 
2025-04-13T14:01:32.177Z [info] lpte-svc: Initialized event bus.
2025-04-13T14:01:32.178Z [info] module-svc: Initializing module service.
2025-04-13T14:01:33.623Z [info] module-svc: Initialized 16 module(s). Now loading plugins.
2025-04-13T14:01:34.265Z [info] main: LoL Toolkit started up successfully.
2025-04-13T14:01:33.623Z [info] module-svc: Loaded 16 plugin(s).
2025-04-13T14:01:34.268Z [info] module-svc: Plugin status changed: plugin=plugin-prod-clock, old=UNAVAILABLE, new=RUNNING
2025-04-13T14:01:34.268Z [info] module-svc: Plugin status changed: plugin=plugin-database, old=UNAVAILABLE, new=RUNNING
2025-04-13T14:01:34.268Z [info] module-svc: Plugin status changed: plugin=plugin-config, old=UNAVAILABLE, new=RUNNING
2025-04-13T14:01:34.269Z [info] module-svc: Plugin status changed: plugin=module-league-runes, old=UNAVAILABLE, new=RUNNING
2025-04-13T14:01:34.269Z [info] module-svc: Plugin status changed: plugin=module-league-prm, old=UNAVAILABLE, new=RUNNING
2025-04-13T14:01:34.269Z [info] module-svc: Plugin status changed: plugin=module-league-fearless, old=UNAVAILABLE, new=RUNNING
2025-04-13T14:01:34.270Z [info] module-svc: Plugin status changed: plugin=module-league-end-of-game, old=UNAVAILABLE, new=RUNNING
2025-04-13T14:01:34.270Z [info] module-svc: Plugin status changed: plugin=module-league-champselect-ui, old=UNAVAILABLE, new=RUNNING
2025-04-13T14:01:34.270Z [info] module-svc: Plugin status changed: plugin=module-league-caster-cockpit, old=UNAVAILABLE, new=RUNNING
2025-04-13T14:01:34.271Z [info] module-svc: Plugin status changed: plugin=module-caster, old=UNAVAILABLE, new=RUNNING
2025-04-13T14:01:34.293Z [info] module-svc: Plugin status changed: plugin=plugin-webapi, old=UNAVAILABLE, new=RUNNING
2025-04-13T14:01:34.295Z [info] module-svc: Plugin status changed: plugin=module-league-state, old=UNAVAILABLE, new=RUNNING
2025-04-13T14:01:34.296Z [info] module-svc: Plugin status changed: plugin=module-league-in-game, old=UNAVAILABLE, new=RUNNING
2025-04-13T14:01:34.298Z [info] module-svc: Plugin status changed: plugin=plugin-theming, old=UNAVAILABLE, new=RUNNING
2025-04-13T14:01:34.300Z [info] module-svc: Plugin status changed: plugin=module-teams, old=UNAVAILABLE, new=RUNNING
2025-04-13T14:01:34.470Z [info] module-svc: Plugin status changed: plugin=module-league-static, old=UNAVAILABLE, new=RUNNING
2025-04-13T14:01:34.473Z [info] auth: =========================
2025-04-13T14:01:34.473Z [info] auth: Authentication is enabled
2025-04-13T14:01:34.473Z [info] auth: Admin API key: RCVPT-E34PM5D-YFE4BGM-M3AQX5H-9HB69WM
2025-04-13T14:01:34.473Z [info] auth: =========================
2025-04-13T14:01:34.478Z [info] server: Listening for requests on http://localhost:3003
2025-04-13T14:02:34.106Z [info] main:  _          _       _____           _ _    _ _   
2025-04-13T14:02:34.108Z [info] main: | |    ___ | |     |_   _|__   ___ | | | _(_) |_ 
2025-04-13T14:02:34.108Z [info] main: | |   / _ \| |       | |/ _ \ / _ \| | |/ / | __|
2025-04-13T14:02:34.108Z [info] main: | |__| (_) | |___    | | (_) | (_) | |   <| | |_ 
2025-04-13T14:02:34.109Z [info] main: |_____\___/|_____|   |_|\___/ \___/|_|_|\_\_|\__|
2025-04-13T14:02:34.109Z [info] main: 
2025-04-13T14:02:34.254Z [info] lpte-svc: Initialized event bus.
2025-04-13T14:02:34.254Z [info] module-svc: Initializing module service.
2025-04-13T14:02:34.620Z [info] module-svc: Initialized 16 module(s). Now loading plugins.
2025-04-13T14:02:35.125Z [info] main: LoL Toolkit started up successfully.
2025-04-13T14:02:34.621Z [info] module-svc: Loaded 16 plugin(s).
2025-04-13T14:02:35.126Z [info] module-svc: Plugin status changed: plugin=plugin-prod-clock, old=UNAVAILABLE, new=RUNNING
2025-04-13T14:02:35.127Z [info] module-svc: Plugin status changed: plugin=plugin-database, old=UNAVAILABLE, new=RUNNING
2025-04-13T14:02:35.127Z [info] module-svc: Plugin status changed: plugin=plugin-config, old=UNAVAILABLE, new=RUNNING
2025-04-13T14:02:35.127Z [info] module-svc: Plugin status changed: plugin=module-league-runes, old=UNAVAILABLE, new=RUNNING
2025-04-13T14:02:35.128Z [info] module-svc: Plugin status changed: plugin=module-league-prm, old=UNAVAILABLE, new=RUNNING
2025-04-13T14:02:35.128Z [info] module-svc: Plugin status changed: plugin=module-league-fearless, old=UNAVAILABLE, new=RUNNING
2025-04-13T14:02:35.128Z [info] module-svc: Plugin status changed: plugin=module-league-end-of-game, old=UNAVAILABLE, new=RUNNING
2025-04-13T14:02:35.128Z [info] module-svc: Plugin status changed: plugin=module-league-champselect-ui, old=UNAVAILABLE, new=RUNNING
2025-04-13T14:02:35.128Z [info] module-svc: Plugin status changed: plugin=module-league-caster-cockpit, old=UNAVAILABLE, new=RUNNING
2025-04-13T14:02:35.128Z [info] module-svc: Plugin status changed: plugin=module-caster, old=UNAVAILABLE, new=RUNNING
2025-04-13T14:02:35.137Z [info] module-svc: Plugin status changed: plugin=plugin-webapi, old=UNAVAILABLE, new=RUNNING
2025-04-13T14:02:35.137Z [info] module-svc: Plugin status changed: plugin=module-league-state, old=UNAVAILABLE, new=RUNNING
2025-04-13T14:02:35.138Z [info] module-svc: Plugin status changed: plugin=module-league-in-game, old=UNAVAILABLE, new=RUNNING
2025-04-13T14:02:35.143Z [info] module-svc: Plugin status changed: plugin=module-teams, old=UNAVAILABLE, new=RUNNING
2025-04-13T14:02:35.144Z [info] module-svc: Plugin status changed: plugin=plugin-theming, old=UNAVAILABLE, new=RUNNING
2025-04-13T14:02:35.337Z [info] module-svc: Plugin status changed: plugin=module-league-static, old=UNAVAILABLE, new=RUNNING
2025-04-13T14:02:35.341Z [info] auth: =========================
2025-04-13T14:02:35.342Z [info] auth: Authentication is enabled
2025-04-13T14:02:35.342Z [info] auth: Admin API key: RCVPT-E34PM5D-YFE4BGM-M3AQX5H-9HB69WM
2025-04-13T14:02:35.342Z [info] auth: =========================
2025-04-13T14:02:35.347Z [info] server: Listening for requests on http://localhost:3003
2025-04-13T14:03:26.051Z [info] main:  _          _       _____           _ _    _ _   
2025-04-13T14:03:26.052Z [info] main: | |    ___ | |     |_   _|__   ___ | | | _(_) |_ 
2025-04-13T14:03:26.052Z [info] main: | |   / _ \| |       | |/ _ \ / _ \| | |/ / | __|
2025-04-13T14:03:26.053Z [info] main: | |__| (_) | |___    | | (_) | (_) | |   <| | |_ 
2025-04-13T14:03:26.053Z [info] main: |_____\___/|_____|   |_|\___/ \___/|_|_|\_\_|\__|
2025-04-13T14:03:26.053Z [info] main: 
2025-04-13T14:03:26.229Z [info] lpte-svc: Initialized event bus.
2025-04-13T14:03:26.229Z [info] module-svc: Initializing module service.
2025-04-13T14:03:26.590Z [info] module-svc: Initialized 16 module(s). Now loading plugins.
2025-04-13T14:03:27.178Z [info] main: LoL Toolkit started up successfully.
2025-04-13T14:03:26.590Z [info] module-svc: Loaded 16 plugin(s).
2025-04-13T14:03:27.179Z [info] module-svc: Plugin status changed: plugin=plugin-prod-clock, old=UNAVAILABLE, new=RUNNING
2025-04-13T14:03:27.179Z [info] module-svc: Plugin status changed: plugin=plugin-database, old=UNAVAILABLE, new=RUNNING
2025-04-13T14:03:27.179Z [info] module-svc: Plugin status changed: plugin=plugin-config, old=UNAVAILABLE, new=RUNNING
2025-04-13T14:03:27.180Z [info] module-svc: Plugin status changed: plugin=module-league-runes, old=UNAVAILABLE, new=RUNNING
2025-04-13T14:03:27.181Z [info] module-svc: Plugin status changed: plugin=module-league-prm, old=UNAVAILABLE, new=RUNNING
2025-04-13T14:03:27.181Z [info] module-svc: Plugin status changed: plugin=module-league-fearless, old=UNAVAILABLE, new=RUNNING
2025-04-13T14:03:27.182Z [info] module-svc: Plugin status changed: plugin=module-league-end-of-game, old=UNAVAILABLE, new=RUNNING
2025-04-13T14:03:27.182Z [info] module-svc: Plugin status changed: plugin=module-league-champselect-ui, old=UNAVAILABLE, new=RUNNING
2025-04-13T14:03:27.183Z [info] module-svc: Plugin status changed: plugin=module-league-caster-cockpit, old=UNAVAILABLE, new=RUNNING
2025-04-13T14:03:27.184Z [info] module-svc: Plugin status changed: plugin=module-caster, old=UNAVAILABLE, new=RUNNING
2025-04-13T14:03:27.216Z [info] module-svc: Plugin status changed: plugin=plugin-webapi, old=UNAVAILABLE, new=RUNNING
2025-04-13T14:03:27.217Z [info] module-svc: Plugin status changed: plugin=module-league-state, old=UNAVAILABLE, new=RUNNING
2025-04-13T14:03:27.218Z [info] module-svc: Plugin status changed: plugin=module-league-in-game, old=UNAVAILABLE, new=RUNNING
2025-04-13T14:03:27.222Z [info] module-svc: Plugin status changed: plugin=plugin-theming, old=UNAVAILABLE, new=RUNNING
2025-04-13T14:03:27.223Z [info] module-svc: Plugin status changed: plugin=module-teams, old=UNAVAILABLE, new=RUNNING
2025-04-13T14:03:27.420Z [info] module-svc: Plugin status changed: plugin=module-league-static, old=UNAVAILABLE, new=RUNNING
2025-04-13T14:03:27.424Z [info] auth: =========================
2025-04-13T14:03:27.424Z [info] auth: Authentication is enabled
2025-04-13T14:03:27.424Z [info] auth: Admin API key: RCVPT-E34PM5D-YFE4BGM-M3AQX5H-9HB69WM
2025-04-13T14:03:27.425Z [info] auth: =========================
2025-04-13T14:03:27.431Z [info] server: Listening for requests on http://localhost:3003
2025-04-13T14:03:39.576Z [info] main:  _          _       _____           _ _    _ _   
2025-04-13T14:03:39.578Z [info] main: | |    ___ | |     |_   _|__   ___ | | | _(_) |_ 
2025-04-13T14:03:39.578Z [info] main: | |   / _ \| |       | |/ _ \ / _ \| | |/ / | __|
2025-04-13T14:03:39.578Z [info] main: | |__| (_) | |___    | | (_) | (_) | |   <| | |_ 
2025-04-13T14:03:39.578Z [info] main: |_____\___/|_____|   |_|\___/ \___/|_|_|\_\_|\__|
2025-04-13T14:03:39.578Z [info] main: 
2025-04-13T14:03:39.898Z [info] lpte-svc: Initialized event bus.
2025-04-13T14:03:39.898Z [info] module-svc: Initializing module service.
2025-04-13T14:03:40.186Z [info] module-svc: Initialized 16 module(s). Now loading plugins.
2025-04-13T14:03:40.681Z [info] main: LoL Toolkit started up successfully.
2025-04-13T14:03:40.186Z [info] module-svc: Loaded 16 plugin(s).
2025-04-13T14:03:40.682Z [info] module-svc: Plugin status changed: plugin=plugin-prod-clock, old=UNAVAILABLE, new=RUNNING
2025-04-13T14:03:40.683Z [info] module-svc: Plugin status changed: plugin=plugin-database, old=UNAVAILABLE, new=RUNNING
2025-04-13T14:03:40.683Z [info] module-svc: Plugin status changed: plugin=plugin-config, old=UNAVAILABLE, new=RUNNING
2025-04-13T14:03:40.684Z [info] module-svc: Plugin status changed: plugin=module-league-runes, old=UNAVAILABLE, new=RUNNING
2025-04-13T14:03:40.684Z [info] module-svc: Plugin status changed: plugin=module-league-prm, old=UNAVAILABLE, new=RUNNING
2025-04-13T14:03:40.684Z [info] module-svc: Plugin status changed: plugin=module-league-fearless, old=UNAVAILABLE, new=RUNNING
2025-04-13T14:03:40.685Z [info] module-svc: Plugin status changed: plugin=module-league-end-of-game, old=UNAVAILABLE, new=RUNNING
2025-04-13T14:03:40.685Z [info] module-svc: Plugin status changed: plugin=module-league-champselect-ui, old=UNAVAILABLE, new=RUNNING
2025-04-13T14:03:40.685Z [info] module-svc: Plugin status changed: plugin=module-league-caster-cockpit, old=UNAVAILABLE, new=RUNNING
2025-04-13T14:03:40.686Z [info] module-svc: Plugin status changed: plugin=module-caster, old=UNAVAILABLE, new=RUNNING
2025-04-13T14:03:40.700Z [info] module-svc: Plugin status changed: plugin=plugin-webapi, old=UNAVAILABLE, new=RUNNING
2025-04-13T14:03:40.700Z [info] module-svc: Plugin status changed: plugin=module-league-state, old=UNAVAILABLE, new=RUNNING
2025-04-13T14:03:40.701Z [info] module-svc: Plugin status changed: plugin=module-league-in-game, old=UNAVAILABLE, new=RUNNING
2025-04-13T14:03:40.703Z [info] module-svc: Plugin status changed: plugin=plugin-theming, old=UNAVAILABLE, new=RUNNING
2025-04-13T14:03:40.704Z [info] module-svc: Plugin status changed: plugin=module-teams, old=UNAVAILABLE, new=RUNNING
2025-04-13T14:03:40.885Z [info] module-svc: Plugin status changed: plugin=module-league-static, old=UNAVAILABLE, new=RUNNING
2025-04-13T14:03:40.888Z [info] auth: =========================
2025-04-13T14:03:40.888Z [info] auth: Authentication is enabled
2025-04-13T14:03:40.888Z [info] auth: Admin API key: RCVPT-E34PM5D-YFE4BGM-M3AQX5H-9HB69WM
2025-04-13T14:03:40.889Z [info] auth: =========================
2025-04-13T14:03:40.896Z [info] server: Listening for requests on http://localhost:3003
2025-04-13T14:04:13.864Z [info] main:  _          _       _____           _ _    _ _   
2025-04-13T14:04:13.866Z [info] main: | |    ___ | |     |_   _|__   ___ | | | _(_) |_ 
2025-04-13T14:04:13.866Z [info] main: | |   / _ \| |       | |/ _ \ / _ \| | |/ / | __|
2025-04-13T14:04:13.866Z [info] main: | |__| (_) | |___    | | (_) | (_) | |   <| | |_ 
2025-04-13T14:04:13.867Z [info] main: |_____\___/|_____|   |_|\___/ \___/|_|_|\_\_|\__|
2025-04-13T14:04:13.867Z [info] main: 
2025-04-13T14:04:13.988Z [info] lpte-svc: Initialized event bus.
2025-04-13T14:04:13.988Z [info] module-svc: Initializing module service.
2025-04-13T14:04:14.486Z [info] module-svc: Initialized 16 module(s). Now loading plugins.
2025-04-13T14:04:15.017Z [info] main: LoL Toolkit started up successfully.
2025-04-13T14:04:14.486Z [info] module-svc: Loaded 16 plugin(s).
2025-04-13T14:04:15.018Z [info] module-svc: Plugin status changed: plugin=plugin-prod-clock, old=UNAVAILABLE, new=RUNNING
2025-04-13T14:04:15.018Z [info] module-svc: Plugin status changed: plugin=plugin-database, old=UNAVAILABLE, new=RUNNING
2025-04-13T14:04:15.019Z [info] module-svc: Plugin status changed: plugin=plugin-config, old=UNAVAILABLE, new=RUNNING
2025-04-13T14:04:15.019Z [info] module-svc: Plugin status changed: plugin=module-league-runes, old=UNAVAILABLE, new=RUNNING
2025-04-13T14:04:15.019Z [info] module-svc: Plugin status changed: plugin=module-league-prm, old=UNAVAILABLE, new=RUNNING
2025-04-13T14:04:15.020Z [info] module-svc: Plugin status changed: plugin=module-league-fearless, old=UNAVAILABLE, new=RUNNING
2025-04-13T14:04:15.020Z [info] module-svc: Plugin status changed: plugin=module-league-end-of-game, old=UNAVAILABLE, new=RUNNING
2025-04-13T14:04:15.020Z [info] module-svc: Plugin status changed: plugin=module-league-champselect-ui, old=UNAVAILABLE, new=RUNNING
2025-04-13T14:04:15.020Z [info] module-svc: Plugin status changed: plugin=module-league-caster-cockpit, old=UNAVAILABLE, new=RUNNING
2025-04-13T14:04:15.021Z [info] module-svc: Plugin status changed: plugin=module-caster, old=UNAVAILABLE, new=RUNNING
2025-04-13T14:04:15.028Z [info] module-svc: Plugin status changed: plugin=plugin-webapi, old=UNAVAILABLE, new=RUNNING
2025-04-13T14:04:15.028Z [info] module-svc: Plugin status changed: plugin=module-league-state, old=UNAVAILABLE, new=RUNNING
2025-04-13T14:04:15.028Z [info] module-svc: Plugin status changed: plugin=module-league-in-game, old=UNAVAILABLE, new=RUNNING
2025-04-13T14:04:15.035Z [info] module-svc: Plugin status changed: plugin=plugin-theming, old=UNAVAILABLE, new=RUNNING
2025-04-13T14:04:15.035Z [info] module-svc: Plugin status changed: plugin=module-teams, old=UNAVAILABLE, new=RUNNING
2025-04-13T14:04:15.180Z [info] module-svc: Plugin status changed: plugin=module-league-static, old=UNAVAILABLE, new=RUNNING
2025-04-13T14:04:15.184Z [info] auth: =========================
2025-04-13T14:04:15.185Z [info] auth: Authentication is enabled
2025-04-13T14:04:15.185Z [info] auth: Admin API key: RCVPT-E34PM5D-YFE4BGM-M3AQX5H-9HB69WM
2025-04-13T14:04:15.185Z [info] auth: =========================
2025-04-13T14:04:15.191Z [info] server: Listening for requests on http://localhost:3003
2025-04-13T14:04:32.563Z [info] main:  _          _       _____           _ _    _ _   
2025-04-13T14:04:32.565Z [info] main: | |    ___ | |     |_   _|__   ___ | | | _(_) |_ 
2025-04-13T14:04:32.565Z [info] main: | |   / _ \| |       | |/ _ \ / _ \| | |/ / | __|
2025-04-13T14:04:32.565Z [info] main: | |__| (_) | |___    | | (_) | (_) | |   <| | |_ 
2025-04-13T14:04:32.566Z [info] main: |_____\___/|_____|   |_|\___/ \___/|_|_|\_\_|\__|
2025-04-13T14:04:32.566Z [info] main: 
2025-04-13T14:04:32.696Z [info] lpte-svc: Initialized event bus.
2025-04-13T14:04:32.696Z [info] module-svc: Initializing module service.
2025-04-13T14:04:33.005Z [info] module-svc: Initialized 16 module(s). Now loading plugins.
2025-04-13T14:04:33.497Z [info] main: LoL Toolkit started up successfully.
2025-04-13T14:04:33.006Z [info] module-svc: Loaded 16 plugin(s).
2025-04-13T14:04:33.498Z [info] module-svc: Plugin status changed: plugin=plugin-prod-clock, old=UNAVAILABLE, new=RUNNING
2025-04-13T14:04:33.499Z [info] module-svc: Plugin status changed: plugin=plugin-database, old=UNAVAILABLE, new=RUNNING
2025-04-13T14:04:33.499Z [info] module-svc: Plugin status changed: plugin=plugin-config, old=UNAVAILABLE, new=RUNNING
2025-04-13T14:04:33.499Z [info] module-svc: Plugin status changed: plugin=module-league-runes, old=UNAVAILABLE, new=RUNNING
2025-04-13T14:04:33.500Z [info] module-svc: Plugin status changed: plugin=module-league-prm, old=UNAVAILABLE, new=RUNNING
2025-04-13T14:04:33.500Z [info] module-svc: Plugin status changed: plugin=module-league-fearless, old=UNAVAILABLE, new=RUNNING
2025-04-13T14:04:33.500Z [info] module-svc: Plugin status changed: plugin=module-league-end-of-game, old=UNAVAILABLE, new=RUNNING
2025-04-13T14:04:33.500Z [info] module-svc: Plugin status changed: plugin=module-league-champselect-ui, old=UNAVAILABLE, new=RUNNING
2025-04-13T14:04:33.500Z [info] module-svc: Plugin status changed: plugin=module-league-caster-cockpit, old=UNAVAILABLE, new=RUNNING
2025-04-13T14:04:33.500Z [info] module-svc: Plugin status changed: plugin=module-caster, old=UNAVAILABLE, new=RUNNING
2025-04-13T14:04:33.509Z [info] module-svc: Plugin status changed: plugin=plugin-webapi, old=UNAVAILABLE, new=RUNNING
2025-04-13T14:04:33.509Z [info] module-svc: Plugin status changed: plugin=module-league-state, old=UNAVAILABLE, new=RUNNING
2025-04-13T14:04:33.509Z [info] module-svc: Plugin status changed: plugin=module-league-in-game, old=UNAVAILABLE, new=RUNNING
2025-04-13T14:04:33.515Z [info] module-svc: Plugin status changed: plugin=plugin-theming, old=UNAVAILABLE, new=RUNNING
2025-04-13T14:04:33.516Z [info] module-svc: Plugin status changed: plugin=module-teams, old=UNAVAILABLE, new=RUNNING
2025-04-13T14:04:33.712Z [info] module-svc: Plugin status changed: plugin=module-league-static, old=UNAVAILABLE, new=RUNNING
2025-04-13T14:04:33.716Z [info] auth: =========================
2025-04-13T14:04:33.717Z [info] auth: Authentication is enabled
2025-04-13T14:04:33.717Z [info] auth: Admin API key: RCVPT-E34PM5D-YFE4BGM-M3AQX5H-9HB69WM
2025-04-13T14:04:33.717Z [info] auth: =========================
2025-04-13T14:04:33.722Z [info] server: Listening for requests on http://localhost:3003
2025-04-13T14:05:13.048Z [info] plugin-config: config for module-league-state saved!
2025-04-13T14:05:17.853Z [info] module-league-state: Flow: champselect - active
2025-04-13T14:06:31.639Z [info] module-league-state: Flow: champselect - inactive
2025-04-13T14:06:36.975Z [info] plugin-config: config for module-league-state saved!
2025-04-13T15:41:22.968Z [info] module-league-state: Flow: champselect - active
2025-04-13T15:42:30.751Z [info] module-league-state: Flow: champselect - inactive
2025-04-13T15:44:43.650Z [info] module-league-state: Flow: champselect - active
2025-04-13T15:46:07.008Z [info] module-league-state: Flow: champselect - game started (spectator delay)
2025-04-13T15:46:07.019Z [info] plugin-webapi: Fetching livegame data for summoner=undefined
2025-04-13T15:46:07.205Z [error] plugin-webapi: Failed to get information for summoner=undefined. Maybe this summoner does not exist? error=GenericError: Request failed with status code 404
2025-04-13T15:46:07.206Z [error] module-league-state: Loading livegame failed for summoner=undefined
2025-04-13T15:46:30.568Z [info] module-league-state: Flow: champselect - inactive
2025-04-13T16:13:29.251Z [info] module-league-state: Flow: champselect - active
2025-04-13T16:13:29.378Z [info] module-league-state: Flow: champselect - reset summoners to not show
2025-04-13T16:15:05.477Z [info] module-league-state: Flow: champselect - game started (spectator delay)
2025-04-13T16:15:05.487Z [info] plugin-webapi: Fetching livegame data for summoner=undefined
2025-04-13T16:15:05.643Z [error] plugin-webapi: Failed to get information for summoner=undefined. Maybe this summoner does not exist? error=GenericError: Request failed with status code 404
2025-04-13T16:15:05.648Z [error] module-league-state: Loading livegame failed for summoner=undefined
2025-04-13T16:15:34.017Z [info] module-league-state: Flow: champselect - inactive
2025-04-13T16:34:14.243Z [info] module-league-state: Flow: lobby - active
2025-04-13T16:34:31.196Z [info] module-league-state: Flow: lobby - inactive
2025-04-13T16:36:44.677Z [info] module-league-state: Flow: champselect - active
2025-04-13T16:38:05.714Z [info] main:  _          _       _____           _ _    _ _   
2025-04-13T16:38:05.716Z [info] main: | |    ___ | |     |_   _|__   ___ | | | _(_) |_ 
2025-04-13T16:38:05.716Z [info] main: | |   / _ \| |       | |/ _ \ / _ \| | |/ / | __|
2025-04-13T16:38:05.716Z [info] main: | |__| (_) | |___    | | (_) | (_) | |   <| | |_ 
2025-04-13T16:38:05.716Z [info] main: |_____\___/|_____|   |_|\___/ \___/|_|_|\_\_|\__|
2025-04-13T16:38:05.716Z [info] main: 
2025-04-13T16:38:06.087Z [info] lpte-svc: Initialized event bus.
2025-04-13T16:38:06.088Z [info] module-svc: Initializing module service.
2025-04-13T16:38:07.611Z [info] module-svc: Initialized 16 module(s). Now loading plugins.
2025-04-13T16:38:08.229Z [info] main: LoL Toolkit started up successfully.
2025-04-13T16:38:07.612Z [info] module-svc: Loaded 16 plugin(s).
2025-04-13T16:38:08.230Z [info] module-svc: Plugin status changed: plugin=plugin-prod-clock, old=UNAVAILABLE, new=RUNNING
2025-04-13T16:38:08.230Z [info] module-svc: Plugin status changed: plugin=plugin-database, old=UNAVAILABLE, new=RUNNING
2025-04-13T16:38:08.230Z [info] module-svc: Plugin status changed: plugin=plugin-config, old=UNAVAILABLE, new=RUNNING
2025-04-13T16:38:08.231Z [info] module-svc: Plugin status changed: plugin=module-league-runes, old=UNAVAILABLE, new=RUNNING
2025-04-13T16:38:08.231Z [info] module-svc: Plugin status changed: plugin=module-league-prm, old=UNAVAILABLE, new=RUNNING
2025-04-13T16:38:08.232Z [info] module-svc: Plugin status changed: plugin=module-league-fearless, old=UNAVAILABLE, new=RUNNING
2025-04-13T16:38:08.232Z [info] module-svc: Plugin status changed: plugin=module-league-end-of-game, old=UNAVAILABLE, new=RUNNING
2025-04-13T16:38:08.232Z [info] module-svc: Plugin status changed: plugin=module-league-champselect-ui, old=UNAVAILABLE, new=RUNNING
2025-04-13T16:38:08.232Z [info] module-svc: Plugin status changed: plugin=module-league-caster-cockpit, old=UNAVAILABLE, new=RUNNING
2025-04-13T16:38:08.232Z [info] module-svc: Plugin status changed: plugin=module-caster, old=UNAVAILABLE, new=RUNNING
2025-04-13T16:38:08.241Z [info] module-svc: Plugin status changed: plugin=plugin-webapi, old=UNAVAILABLE, new=RUNNING
2025-04-13T16:38:08.242Z [info] module-svc: Plugin status changed: plugin=module-league-state, old=UNAVAILABLE, new=RUNNING
2025-04-13T16:38:08.247Z [info] module-svc: Plugin status changed: plugin=module-league-in-game, old=UNAVAILABLE, new=RUNNING
2025-04-13T16:38:08.249Z [info] module-svc: Plugin status changed: plugin=plugin-theming, old=UNAVAILABLE, new=RUNNING
2025-04-13T16:38:08.251Z [info] module-svc: Plugin status changed: plugin=module-teams, old=UNAVAILABLE, new=RUNNING
2025-04-13T16:38:08.424Z [info] module-svc: Plugin status changed: plugin=module-league-static, old=UNAVAILABLE, new=RUNNING
2025-04-13T16:38:08.429Z [info] auth: =========================
2025-04-13T16:38:08.429Z [info] auth: Authentication is enabled
2025-04-13T16:38:08.430Z [info] auth: Admin API key: RCVPT-E34PM5D-YFE4BGM-M3AQX5H-9HB69WM
2025-04-13T16:38:08.430Z [info] auth: =========================
2025-04-13T16:38:08.435Z [info] server: Listening for requests on http://localhost:3003
2025-04-13T17:05:06.616Z [info] module-league-state: Flow: champselect - active
2025-04-13T17:05:36.458Z [info] module-league-state: Flow: lobby - active
2025-04-13T17:05:43.387Z [info] module-league-state: Flow: lobby - inactive
2025-04-13T17:05:43.388Z [info] module-league-state: Flow: champselect - inactive
2025-04-13T17:05:46.886Z [info] module-league-state: Flow: lobby - active
2025-04-13T17:05:55.617Z [info] module-league-state: Flow: champselect - active
2025-04-13T17:06:11.379Z [info] module-league-state: Flow: lobby - inactive
2025-04-13T17:06:11.383Z [info] module-league-state: Flow: champselect - inactive
2025-04-13T17:08:29.374Z [info] module-league-state: Flow: lobby - active
2025-04-13T17:08:36.214Z [info] module-league-state: Flow: champselect - active
2025-04-13T17:08:43.433Z [info] module-league-state: Flow: lobby - active
2025-04-13T17:09:04.746Z [info] module-league-state: Flow: lobby - inactive
2025-04-13T17:09:04.746Z [info] module-league-state: Flow: champselect - inactive
2025-04-13T17:09:15.057Z [info] module-league-state: Flow: lobby - active
2025-04-13T17:09:22.757Z [info] module-league-state: Flow: champselect - active
2025-04-13T17:09:34.822Z [info] module-league-state: Flow: lobby - active
2025-04-13T17:09:41.504Z [info] module-league-state: Flow: lobby - inactive
2025-04-13T17:09:41.505Z [info] module-league-state: Flow: champselect - inactive
2025-04-13T17:15:12.405Z [info] module-league-state: Flow: lobby - active
2025-04-13T17:15:21.189Z [info] module-league-state: Flow: champselect - active
2025-04-13T17:15:41.541Z [info] module-league-state: Flow: lobby - inactive
2025-04-13T17:15:41.542Z [info] module-league-state: Flow: champselect - inactive
2025-04-13T17:21:49.248Z [info] module-league-state: Flow: lobby - active
2025-04-13T17:21:59.323Z [info] module-league-state: Flow: champselect - active
2025-04-13T17:22:33.279Z [info] module-league-state: Flow: lobby - active
2025-04-13T17:22:49.700Z [info] module-league-state: Flow: lobby - inactive
2025-04-13T17:22:49.701Z [info] module-league-state: Flow: champselect - inactive
2025-04-13T17:27:01.960Z [info] module-league-state: Flow: lobby - active
2025-04-13T17:27:11.876Z [info] module-league-state: Flow: champselect - active
2025-04-13T17:27:20.323Z [info] module-league-state: Flow: lobby - active
2025-04-13T17:27:27.529Z [info] module-league-state: Flow: lobby - active
2025-04-13T17:27:38.720Z [info] module-league-state: Flow: lobby - active
2025-04-13T17:27:40.112Z [info] module-league-state: Flow: lobby - inactive
2025-04-13T17:27:40.114Z [info] module-league-state: Flow: champselect - inactive
2025-04-13T17:29:40.692Z [info] module-league-state: Flow: lobby - active
2025-04-13T17:29:54.062Z [info] module-league-state: Flow: champselect - active
2025-04-13T17:30:12.669Z [info] module-league-state: Flow: lobby - inactive
2025-04-13T17:30:12.673Z [info] module-league-state: Flow: champselect - inactive
2025-04-13T17:49:15.253Z [info] module-league-state: Flow: lobby - active
2025-04-13T17:50:41.129Z [info] module-league-state: Flow: champselect - active
2025-04-13T17:50:47.744Z [info] module-league-state: Flow: lobby - active
2025-04-13T17:50:51.793Z [info] module-league-state: Flow: lobby - inactive
2025-04-13T17:50:51.793Z [info] module-league-state: Flow: champselect - inactive
2025-04-13T17:52:13.158Z [info] module-league-state: Flow: lobby - active
2025-04-13T18:08:08.119Z [info] module-league-state: Flow: lobby - active
2025-04-13T18:10:22.095Z [info] module-league-state: Flow: champselect - active
2025-04-13T18:13:29.866Z [info] module-league-state: Flow: lobby - active
2025-04-13T18:15:22.485Z [info] module-league-state: Flow: champselect - game started (spectator delay)
2025-04-13T18:15:22.497Z [info] plugin-webapi: Fetching livegame data for summoner=GA Player 02
2025-04-13T18:15:22.760Z [error] plugin-webapi: Failed to get information for summoner=GA Player 02. Maybe this summoner does not exist? error=GenericError: Request failed with status code 404
2025-04-13T18:15:22.762Z [error] module-league-state: Loading livegame failed for summoner=GA Player 02
2025-04-13T18:15:24.695Z [info] module-league-state: Flow: lobby - inactive
2025-04-13T18:15:30.227Z [info] module-league-state: Flow: champselect - inactive
2025-04-13T18:25:57.094Z [info] main:  _          _       _____           _ _    _ _   
2025-04-13T18:25:57.096Z [info] main: | |    ___ | |     |_   _|__   ___ | | | _(_) |_ 
2025-04-13T18:25:57.097Z [info] main: | |   / _ \| |       | |/ _ \ / _ \| | |/ / | __|
2025-04-13T18:25:57.097Z [info] main: | |__| (_) | |___    | | (_) | (_) | |   <| | |_ 
2025-04-13T18:25:57.097Z [info] main: |_____\___/|_____|   |_|\___/ \___/|_|_|\_\_|\__|
2025-04-13T18:25:57.097Z [info] main: 
2025-04-13T18:25:57.520Z [info] lpte-svc: Initialized event bus.
2025-04-13T18:25:57.520Z [info] module-svc: Initializing module service.
2025-04-13T18:25:59.025Z [info] module-svc: Initialized 16 module(s). Now loading plugins.
2025-04-13T18:26:02.188Z [info] main: LoL Toolkit started up successfully.
2025-04-13T18:25:59.026Z [info] module-svc: Loaded 16 plugin(s).
2025-04-13T18:26:02.189Z [info] module-svc: Plugin status changed: plugin=plugin-prod-clock, old=UNAVAILABLE, new=RUNNING
2025-04-13T18:26:02.189Z [info] module-svc: Plugin status changed: plugin=plugin-database, old=UNAVAILABLE, new=RUNNING
2025-04-13T18:26:02.189Z [info] module-svc: Plugin status changed: plugin=plugin-config, old=UNAVAILABLE, new=RUNNING
2025-04-13T18:26:02.191Z [info] module-svc: Plugin status changed: plugin=module-league-runes, old=UNAVAILABLE, new=RUNNING
2025-04-13T18:26:02.191Z [info] module-svc: Plugin status changed: plugin=module-league-prm, old=UNAVAILABLE, new=RUNNING
2025-04-13T18:26:02.191Z [info] module-svc: Plugin status changed: plugin=module-league-fearless, old=UNAVAILABLE, new=RUNNING
2025-04-13T18:26:02.191Z [info] module-svc: Plugin status changed: plugin=module-league-end-of-game, old=UNAVAILABLE, new=RUNNING
2025-04-13T18:26:02.191Z [info] module-svc: Plugin status changed: plugin=module-league-champselect-ui, old=UNAVAILABLE, new=RUNNING
2025-04-13T18:26:02.192Z [info] module-svc: Plugin status changed: plugin=module-league-caster-cockpit, old=UNAVAILABLE, new=RUNNING
2025-04-13T18:26:02.192Z [info] module-svc: Plugin status changed: plugin=module-caster, old=UNAVAILABLE, new=RUNNING
2025-04-13T18:26:02.199Z [info] module-svc: Plugin status changed: plugin=plugin-webapi, old=UNAVAILABLE, new=RUNNING
2025-04-13T18:26:02.200Z [info] module-svc: Plugin status changed: plugin=module-league-state, old=UNAVAILABLE, new=RUNNING
2025-04-13T18:26:02.200Z [info] module-svc: Plugin status changed: plugin=module-league-in-game, old=UNAVAILABLE, new=RUNNING
2025-04-13T18:26:02.208Z [info] module-svc: Plugin status changed: plugin=module-teams, old=UNAVAILABLE, new=RUNNING
2025-04-13T18:26:02.226Z [info] module-svc: Plugin status changed: plugin=plugin-theming, old=UNAVAILABLE, new=RUNNING
2025-04-13T18:26:02.670Z [info] module-svc: Plugin status changed: plugin=module-league-static, old=UNAVAILABLE, new=RUNNING
2025-04-13T18:26:02.673Z [info] auth: =========================
2025-04-13T18:26:02.673Z [info] auth: Authentication is enabled
2025-04-13T18:26:02.674Z [info] auth: Admin API key: RCVPT-E34PM5D-YFE4BGM-M3AQX5H-9HB69WM
2025-04-13T18:26:02.674Z [info] auth: =========================
2025-04-13T18:26:02.680Z [info] server: Listening for requests on http://localhost:3003
2025-04-13T18:26:41.101Z [info] module-league-state: Flow: lobby - active
2025-04-13T18:26:49.352Z [info] module-league-state: Flow: champselect - active
2025-04-13T18:27:36.728Z [info] module-league-state: Flow: lobby - active
2025-04-13T18:30:48.302Z [info] module-league-state: Flow: champselect - game started (spectator delay)
2025-04-13T18:30:48.311Z [info] plugin-webapi: Fetching livegame data for summoner=NLC Observer 3
2025-04-13T18:30:48.523Z [error] plugin-webapi: Failed to get information for summoner=NLC Observer 3. Maybe this summoner does not exist? error=GenericError: Request failed with status code 404
2025-04-13T18:30:48.524Z [error] module-league-state: Loading livegame failed for summoner=NLC Observer 3
2025-04-13T18:30:49.192Z [info] module-league-state: Flow: champselect - inactive
2025-04-13T18:32:26.868Z [info] module-league-state: Flow: champselect - active
2025-04-13T18:32:27.284Z [info] module-league-state: Flow: champselect - reset summoners to not show
2025-04-13T18:38:41.997Z [info] module-league-state: Flow: champselect - game started (spectator delay)
2025-04-13T18:38:42.004Z [info] plugin-webapi: Fetching livegame data for summoner=NLC Observer 3
2025-04-13T18:38:42.219Z [error] plugin-webapi: Failed to get information for summoner=NLC Observer 3. Maybe this summoner does not exist? error=GenericError: Request failed with status code 404
2025-04-13T18:38:42.221Z [error] module-league-state: Loading livegame failed for summoner=NLC Observer 3
2025-04-13T18:39:04.705Z [info] module-league-state: Flow: champselect - inactive
2025-04-13T19:07:10.659Z [info] plugin-webapi: Fetching match data for matchid=EUW1_222023
2025-04-13T19:07:10.795Z [error] plugin-webapi: Failed to get match information for matchId=EUW1_222023. Maybe the match is not over yet? error=GenericError: Request failed with status code 404
2025-04-13T19:07:10.798Z [error] module-league-state: Loading match failed for gameId=222023
2025-04-13T19:07:10.803Z [error] lpte-svc: Uncaught error in handler:  Cannot read properties of undefined (reading 'kills')
2025-04-15T20:46:59.556Z [info] main:  _          _       _____           _ _    _ _   
2025-04-15T20:46:59.559Z [info] main: | |    ___ | |     |_   _|__   ___ | | | _(_) |_ 
2025-04-15T20:46:59.559Z [info] main: | |   / _ \| |       | |/ _ \ / _ \| | |/ / | __|
2025-04-15T20:46:59.559Z [info] main: | |__| (_) | |___    | | (_) | (_) | |   <| | |_ 
2025-04-15T20:46:59.559Z [info] main: |_____\___/|_____|   |_|\___/ \___/|_|_|\_\_|\__|
2025-04-15T20:46:59.559Z [info] main: 
2025-04-15T20:47:00.087Z [info] lpte-svc: Initialized event bus.
2025-04-15T20:47:00.087Z [info] module-svc: Initializing module service.
2025-04-15T20:47:02.360Z [info] module-svc: Initialized 16 module(s). Now loading plugins.
2025-04-15T20:47:13.471Z [info] main: LoL Toolkit started up successfully.
2025-04-15T20:47:13.473Z [warn] lpte-svc: Awaiting event timed out. namespace=reply, type=request-5prh5c1g4gm9iz47d8, timeout=5000
2025-04-15T20:47:02.362Z [info] module-svc: Loaded 16 plugin(s).
2025-04-15T20:47:13.475Z [info] module-svc: Plugin status changed: plugin=plugin-prod-clock, old=UNAVAILABLE, new=RUNNING
2025-04-15T20:47:13.477Z [info] module-svc: Plugin status changed: plugin=plugin-database, old=UNAVAILABLE, new=RUNNING
2025-04-15T20:47:13.477Z [info] module-svc: Plugin status changed: plugin=plugin-config, old=UNAVAILABLE, new=RUNNING
2025-04-15T20:47:13.478Z [info] module-svc: Plugin status changed: plugin=module-league-runes, old=UNAVAILABLE, new=RUNNING
2025-04-15T20:47:13.479Z [info] module-svc: Plugin status changed: plugin=module-league-prm, old=UNAVAILABLE, new=RUNNING
2025-04-15T20:47:13.479Z [info] module-svc: Plugin status changed: plugin=module-league-fearless, old=UNAVAILABLE, new=RUNNING
2025-04-15T20:47:13.479Z [info] module-svc: Plugin status changed: plugin=module-league-end-of-game, old=UNAVAILABLE, new=RUNNING
2025-04-15T20:47:13.479Z [info] module-svc: Plugin status changed: plugin=module-league-champselect-ui, old=UNAVAILABLE, new=RUNNING
2025-04-15T20:47:13.479Z [info] module-svc: Plugin status changed: plugin=module-league-caster-cockpit, old=UNAVAILABLE, new=RUNNING
2025-04-15T20:47:13.479Z [info] module-svc: Plugin status changed: plugin=module-caster, old=UNAVAILABLE, new=RUNNING
2025-04-15T20:47:13.473Z [error] lpte-svc: Request timed out after 5000ms. Request meta={"channelType":"REQUEST","type":"request","namespace":"plugin-config","version":1,"sender":{"name":"plugin-webapi","version":"2.2.3","mode":"PLUGIN","path":"D:\\bouil\\Documents\\0.Dossiers\\Stream\\GAFE2025\\ProdToolKit\\modules\\plugin-webapi"},"reply":"request-5prh5c1g4gm9iz47d8"}
2025-04-15T20:47:13.474Z [warn] lpte-svc: Awaiting event timed out. namespace=reply, type=request-5prh5c1g4gm9iz48t2, timeout=5000
2025-04-15T20:47:13.474Z [error] lpte-svc: Request timed out after 5000ms. Request meta={"channelType":"REQUEST","type":"request","namespace":"plugin-database","version":1,"sender":{"name":"module-teams","version":"4.3.3","mode":"PLUGIN","path":"D:\\bouil\\Documents\\0.Dossiers\\Stream\\GAFE2025\\ProdToolKit\\modules\\module-teams"},"reply":"request-5prh5c1g4gm9iz48t2"}
2025-04-15T20:47:13.483Z [info] module-svc: Plugin status changed: plugin=plugin-webapi, old=UNAVAILABLE, new=RUNNING
2025-04-15T20:47:13.473Z [warn] plugin-webapi: config could not be loaded
2025-04-15T20:47:13.474Z [warn] module-teams: matches could not be loaded
2025-04-15T20:47:13.488Z [info] module-svc: Plugin status changed: plugin=module-league-state, old=UNAVAILABLE, new=RUNNING
2025-04-15T20:47:13.488Z [info] module-svc: Plugin status changed: plugin=module-league-in-game, old=UNAVAILABLE, new=RUNNING
2025-04-15T20:47:13.493Z [info] module-svc: Plugin status changed: plugin=plugin-theming, old=UNAVAILABLE, new=RUNNING
2025-04-15T20:47:14.027Z [info] module-svc: Plugin status changed: plugin=module-league-static, old=UNAVAILABLE, new=RUNNING
2025-04-15T20:47:24.111Z [info] main:  _          _       _____           _ _    _ _   
2025-04-15T20:47:24.113Z [info] main: | |    ___ | |     |_   _|__   ___ | | | _(_) |_ 
2025-04-15T20:47:24.113Z [info] main: | |   / _ \| |       | |/ _ \ / _ \| | |/ / | __|
2025-04-15T20:47:24.113Z [info] main: | |__| (_) | |___    | | (_) | (_) | |   <| | |_ 
2025-04-15T20:47:24.113Z [info] main: |_____\___/|_____|   |_|\___/ \___/|_|_|\_\_|\__|
2025-04-15T20:47:24.114Z [info] main: 
2025-04-15T20:47:24.649Z [info] lpte-svc: Initialized event bus.
2025-04-15T20:47:24.650Z [info] module-svc: Initializing module service.
2025-04-15T20:47:26.010Z [info] module-svc: Initialized 16 module(s). Now loading plugins.
2025-04-15T20:47:26.582Z [info] main: LoL Toolkit started up successfully.
2025-04-15T20:47:26.011Z [info] module-svc: Loaded 16 plugin(s).
2025-04-15T20:47:26.583Z [info] module-svc: Plugin status changed: plugin=plugin-prod-clock, old=UNAVAILABLE, new=RUNNING
2025-04-15T20:47:26.584Z [info] module-svc: Plugin status changed: plugin=plugin-database, old=UNAVAILABLE, new=RUNNING
2025-04-15T20:47:26.584Z [info] module-svc: Plugin status changed: plugin=plugin-config, old=UNAVAILABLE, new=RUNNING
2025-04-15T20:47:26.584Z [info] module-svc: Plugin status changed: plugin=module-league-runes, old=UNAVAILABLE, new=RUNNING
2025-04-15T20:47:26.585Z [info] module-svc: Plugin status changed: plugin=module-league-prm, old=UNAVAILABLE, new=RUNNING
2025-04-15T20:47:26.585Z [info] module-svc: Plugin status changed: plugin=module-league-fearless, old=UNAVAILABLE, new=RUNNING
2025-04-15T20:47:26.585Z [info] module-svc: Plugin status changed: plugin=module-league-end-of-game, old=UNAVAILABLE, new=RUNNING
2025-04-15T20:47:26.585Z [info] module-svc: Plugin status changed: plugin=module-league-champselect-ui, old=UNAVAILABLE, new=RUNNING
2025-04-15T20:47:26.585Z [info] module-svc: Plugin status changed: plugin=module-league-caster-cockpit, old=UNAVAILABLE, new=RUNNING
2025-04-15T20:47:26.586Z [info] module-svc: Plugin status changed: plugin=module-caster, old=UNAVAILABLE, new=RUNNING
2025-04-15T20:47:26.602Z [info] module-svc: Plugin status changed: plugin=plugin-webapi, old=UNAVAILABLE, new=RUNNING
2025-04-15T20:47:26.603Z [info] module-svc: Plugin status changed: plugin=module-league-state, old=UNAVAILABLE, new=RUNNING
2025-04-15T20:47:26.603Z [info] module-svc: Plugin status changed: plugin=module-league-in-game, old=UNAVAILABLE, new=RUNNING
2025-04-15T20:47:26.606Z [info] module-svc: Plugin status changed: plugin=plugin-theming, old=UNAVAILABLE, new=RUNNING
2025-04-15T20:47:26.607Z [info] module-svc: Plugin status changed: plugin=module-teams, old=UNAVAILABLE, new=RUNNING
2025-04-15T20:47:26.782Z [info] module-svc: Plugin status changed: plugin=module-league-static, old=UNAVAILABLE, new=RUNNING
2025-04-15T20:47:26.786Z [info] auth: =========================
2025-04-15T20:47:26.786Z [info] auth: Authentication is enabled
2025-04-15T20:47:26.786Z [info] auth: Admin API key: RCVPT-E34PM5D-YFE4BGM-M3AQX5H-9HB69WM
2025-04-15T20:47:26.786Z [info] auth: =========================
2025-04-15T20:47:26.792Z [info] server: Listening for requests on http://localhost:3003
2025-04-15T20:55:06.540Z [warn] auth: jwt expired
2025-04-15T20:55:11.070Z [warn] auth: jwt expired
